Sequence,MinTimestamp,MaxTimestamp
18<5<11<3<10<7<6<9<8<2<3<11<11<3<11<3<3<11<11<3<3<11<12<4,2014-10-22T09:15:41Z,2014-11-02T14:15:00Z
18<5<7<6<11<10<3<9<8<4,2014-12-03T08:06:44Z,2014-12-03T13:28:01Z
18<5<7<6<9<11<3<10<8<2<12<17<4,2014-11-19T02:16:21Z,2014-11-28T15:15:17Z
18<5<7<6<3<10<11<9<8<4,2014-02-16T08:55:43Z,2014-02-16T12:52:06Z
18<5<7<6<9<10<11<3<8<2<11<3<11<11<3<3<11<12<4,2014-10-12T09:22:24Z,2014-10-18T14:15:00Z
18<5<7<6<11<10<3<9<8<2<3<11<12<17<4,2014-09-24T13:39:13Z,2014-12-02T17:47:17Z
18<5<7<6<3<10<11<9<8<4,2014-09-22T08:00:00Z,2014-09-22T08:45:56Z
18<5<7<6<10<3<11<9<8<2<1<11<10<3<10<11<3<11<3<10<3<10<11<2<3<11<11<3<12<17<4,2013-12-19T08:04:38Z,2014-05-04T16:34:00Z
18<5<7<6<10<11<3<8<2<3<11<3<11<3<11<3<11<3<3<11<12<17<3<11<10<4,2014-06-21T05:14:16Z,2014-07-06T18:58:00Z
18<5<7<6<11<3<10<9<8<2<11<3<1<11<10<3<2<12<17<4,2014-03-11T07:41:47Z,2014-07-23T15:38:24Z
18<5<7<6<10<3<11<9<8<2<4,2014-02-26T09:15:03Z,2014-02-26T13:28:44Z
18<5<3<11<7<6<10<9<8<2<3<11<11<3<3<11<12<17<4,2014-04-06T14:03:24Z,2014-04-20T00:58:15Z
18<5<7<6<11<3<8<2<3<3<3<3<12<17<4,2014-04-16T10:21:27Z,2014-07-13T11:18:24Z
18<6<5<7<11<3<4,2014-05-09T23:00:00Z,2014-05-10T09:24:00Z
18<5<7<6<10<11<3<9<8<2<11<3<2<3<11<12<4,2014-08-06T15:06:19Z,2014-08-09T11:30:00Z
18<5<7<6<10<11<3<8<2<11<3<12<4,2013-11-20T07:34:52Z,2013-11-24T09:00:00Z
18<5<7<6<9<10<11<3<8<2<11<3<12<4,2014-05-20T19:53:19Z,2014-05-23T10:41:00Z
18<5<7<6<10<3<11<9<8<2<3<11<11<3<12<17<4,2013-12-19T18:47:57Z,2014-12-19T01:38:36Z
18<5<7<3<11<10<6<9<8<2<11<2<11<11<11<11<12<17<4,2014-05-25T16:20:51Z,2014-06-09T14:49:06Z
18<5<7<6<11<3<10<9<8<2<11<3<3<11<11<3<11<2<3<11<11<11<3<3<11<12<4,2014-07-24T07:37:32Z,2014-08-09T09:00:00Z
18<5<3<11<7<6<4,2014-05-17T22:07:04Z,2014-05-18T09:46:11Z
18<5<7<6<9<11<3<10<8<2<3<11<4,2014-10-08T19:41:35Z,2014-10-09T06:00:00Z
18<5<7<6<4,2014-08-02T13:20:57Z,2014-08-02T13:48:09Z
18<5<7<10<11<3<6<9<11<8<2<2<11<3<3<11<11<3<12<17<4,2014-04-07T16:13:06Z,2015-02-22T05:16:14Z
18<5<7<6<9<8<3<10<11<2<11<12<4,2014-10-02T15:31:45Z,2014-10-05T15:00:00Z
18<5<7<6<11<3<4,2014-02-17T13:29:57Z,2014-02-17T13:50:00Z
18<5<7<6<11<3<2<11<3<12<4,2014-07-23T09:18:49Z,2014-08-01T16:00:00Z
18<5<7<6<3<11<10<8<9<4,2014-05-20T17:22:09Z,2014-05-21T20:32:29Z
18<5<7<6<3<11<2<11<3<12<4,2014-05-16T15:11:45Z,2014-05-17T14:00:00Z
18<5<7<6<11<2<12<17<4,2014-08-27T07:18:56Z,2015-01-04T20:06:48Z
18<5<7<6<9<3<11<10<8<2<3<11<4,2014-10-29T17:36:01Z,2014-10-30T06:00:00Z
18<5<7<6<11<3<10<9<8<2<3<11<3<11<12<4,2014-06-05T17:43:42Z,2014-06-12T12:20:00Z
18<5<7<6<11<10<3<9<8<2<3<11<3<11<3<11<11<3<11<3<11<3<12<17<4,2014-04-04T10:36:40Z,2014-05-16T13:37:49Z
18<5<7<6<3<10<11<9<8<11<3<10<1<11<10<11<10<11<3<10<3<11<13<4,2013-11-23T16:32:23Z,2013-11-24T17:16:00Z
18<5<7<6<3<10<11<9<8<4,2014-06-10T14:00:33Z,2014-06-10T14:45:01Z
18<5<7<6<9<8<10<11<3<2<11<3<12<4,2013-12-05T21:13:04Z,2013-12-09T09:15:00Z
18<5<10<3<11<7<6<9<8<2<12<4,2014-11-10T02:21:46Z,2014-11-15T12:00:00Z
18<5<7<6<3<11<10<8<4,2013-12-22T21:16:04Z,2013-12-22T22:56:58Z
18<5<7<6<11<3<10<4,2014-02-26T20:41:19Z,2014-02-26T20:52:00Z
18<5<7<3<11<10<6<2<11<3<11<3<3<11<3<11<11<3<3<11<11<3<13<4,2014-01-04T11:08:23Z,2014-01-12T15:15:00Z
18<5<7<6<11<3<10<9<8<2<11<3<2<3<11<12<4,2014-02-23T02:21:21Z,2014-02-28T10:30:00Z
18<5<7<3<10<11<6<9<8<2<3<3<12<4,2014-12-21T10:04:24Z,2014-12-26T17:00:00Z
18<5<7<6<9<8<10<3<11<2<3<11<12<17<4,2014-05-07T15:36:23Z,2014-08-01T06:58:21Z
18<5<7<6<11<3<10<9<8<2<3<11<12<4,2014-12-17T19:21:03Z,2014-12-20T11:00:00Z
18<5<7<6<3<10<11<4,2014-03-10T11:13:21Z,2014-03-10T12:07:00Z
18<5<7<6<3<10<11<9<8<2<2<11<3<3<12<4,2014-04-23T08:08:21Z,2014-04-28T11:00:00Z
18<5<7<6<11<3<4,2015-02-07T14:14:13Z,2015-02-07T15:23:00Z
18<5<7<6<9<11<10<3<8<2<3<11<10<10<3<11<11<3<10<16<4,2015-01-01T10:37:39Z,2015-01-03T11:00:00Z
18<5<7<9<6<3<10<11<8<2<11<3<12<4,2015-02-02T01:03:30Z,2015-02-05T09:00:00Z
18<5<7<6<11<3<10<9<8<2<2<11<12<4,2014-10-15T06:59:57Z,2014-10-20T09:00:00Z
18<5<7<6<11<3<10<8<9<2<11<2<3<11<12<17<4,2014-02-21T10:37:38Z,2014-10-31T14:35:09Z
18<3<11<10<5<7<6<8<9<4,2014-05-29T11:01:00Z,2014-05-29T11:53:10Z
18<5<7<6<9<11<3<10<8<2<11<3<12<17<4,2014-08-07T08:15:51Z,2014-08-11T11:38:32Z
18<11<3<5<7<6<9<8<3<11<10<2<11<10<2<11<3<1<10<11<3<13<4,2014-10-21T06:52:00Z,2014-10-25T13:30:00Z
18<5<7<6<3<11<2<11<11<2<12<4,2014-03-06T08:30:52Z,2014-03-09T09:00:00Z
18<5<3<10<11<7<6<9<8<2<11<3<12<4,2014-08-10T00:45:02Z,2014-08-13T13:45:00Z
18<5<7<6<11<10<3<8<9<2<11<3<2<3<11<2<11<3<11<3<12<4,2014-03-01T20:48:52Z,2014-03-06T10:30:00Z
18<5<7<6<9<10<11<3<8<3<11<2<2<3<11<12<4,2014-05-02T04:59:42Z,2014-05-07T13:20:00Z
18<5<7<3<11<6<8<2<10<2<13<4,2014-02-06T13:57:26Z,2014-02-08T01:05:00Z
18<9<5<7<6<10<11<3<8<1<10<3<11<11<3<10<11<10<3<3<11<10<3<10<11<10<11<3<3<11<10<2<3<11<11<12<17<4,2014-09-04T18:00:00Z,2014-12-13T23:05:21Z
18<5<7<6<11<3<10<9<8<1<10<11<3<10<3<10<11<2<3<11<3<12<4,2014-11-22T04:43:13Z,2014-11-28T11:45:00Z
18<5<7<6<11<3<10<8<2<9<11<3<3<11<2<2<12<17<4,2013-12-15T20:17:27Z,2014-08-05T08:57:36Z
18<5<7<6<9<8<3<11<10<2<3<11<12<17<4,2014-11-24T09:14:01Z,2015-03-27T09:29:21Z
18<5<7<6<11<3<10<10<9<8<2<11<3<2<3<11<3<11<12<17<4,2014-05-27T14:43:10Z,2014-06-20T14:09:03Z
18<5<7<6<11<3<8<2<2<2<3<12<4,2014-05-06T20:37:39Z,2014-05-08T09:00:00Z
18<5<7<6<10<11<3<9<8<2<11<11<3<11<3<11<3<11<3<12<17<4,2014-06-25T06:44:52Z,2014-08-19T09:50:36Z
18<5<7<11<3<6<9<8<13<2<4,2014-09-21T15:05:30Z,2014-09-21T17:58:30Z
18<5<7<6<11<10<3<9<8<2<3<12<17<4,2014-07-28T14:24:15Z,2014-12-02T08:47:57Z
18<5<7<6<3<10<11<9<8<2<11<3<3<11<3<11<11<3<3<11<11<3<3<11<3<3<12<4,2014-02-27T09:52:15Z,2014-03-22T08:30:00Z
18<5<7<6<3<11<2<12<4,2014-09-06T13:22:52Z,2014-09-09T10:35:00Z
18<5<7<6<10<11<3<4,2014-05-30T14:45:52Z,2014-05-30T15:10:00Z
18<5<7<6<2<1<11<3<10<11<10<3<11<3<10<2<3<11<11<3<3<11<12<4,2015-01-31T08:50:31Z,2015-02-14T09:30:00Z
18<5<7<6<3<11<10<9<8<2<3<11<12<4,2014-03-24T17:09:11Z,2014-03-30T12:00:00Z
18<5<7<6<9<8<3<11<10<2<12<17<4,2014-03-26T11:20:45Z,2014-10-14T12:59:49Z
18<5<7<6<9<3<10<11<8<2<3<3<3<14<4,2014-08-02T12:17:41Z,2014-08-15T11:00:00Z
18<5<7<6<9<11<3<10<8<2<11<3<12<17<4,2014-07-19T12:09:40Z,2014-10-12T14:01:01Z
18<5<7<6<9<8<11<10<3<2<3<11<3<11<12<4,2014-03-10T08:57:48Z,2014-03-14T10:00:00Z
18<5<7<6<3<10<11<9<8<2<3<11<10<2<3<11<12<4,2013-11-13T13:11:53Z,2013-11-18T10:30:00Z
18<5<9<7<11<3<10<6<8<2<10<11<2<2<11<3<3<11<11<3<11<12<4,2014-04-02T14:39:39Z,2014-04-21T12:00:00Z
18<5<7<3<11<10<6<9<8<2<3<11<11<3<3<11<12<17<4,2014-08-19T18:04:00Z,2014-11-28T08:00:33Z
18<5<7<6<11<3<10<4,2014-05-25T10:30:39Z,2014-05-25T11:24:00Z
18<5<7<6<10<3<11<8<2<11<3<2<11<3<11<3<11<3<3<11<3<11<11<3<12<4,2014-01-15T18:56:31Z,2014-01-28T13:00:00Z
18<5<7<6<11<3<9<8<2<2<11<3<11<3<12<4,2014-02-09T18:29:29Z,2014-02-15T09:00:00Z
18<5<7<6<9<8<3<10<11<4,2013-12-23T18:11:35Z,2013-12-23T18:57:00Z
18<5<9<7<6<10<3<11<8<4,2015-01-10T09:11:59Z,2015-01-10T10:13:10Z
18<5<7<6<3<10<11<9<8<2<2<3<11<3<12<4,2014-02-11T11:36:56Z,2014-02-18T08:00:00Z
18<5<7<6<11<10<3<9<8<2<3<11<10<10<3<2<3<10<11<3<2<12<4,2015-02-01T21:20:15Z,2015-02-16T13:00:00Z
18<5<7<6<9<8<3<11<10<2<2<3<11<15<17<4,2015-02-22T23:50:05Z,2015-02-26T13:18:29Z
18<5<7<6<3<11<10<9<8<4,2014-06-05T09:40:54Z,2014-06-05T13:00:53Z
18<5<7<6<11<10<3<9<8<4,2014-09-22T12:38:49Z,2014-09-22T18:15:38Z
18<5<7<6<4,2014-02-16T00:58:26Z,2014-02-16T01:00:31Z
18<5<7<6<11<10<3<9<8<2<2<12<4,2014-10-11T14:40:44Z,2014-10-21T06:00:00Z
18<5<7<3<11<10<6<9<8<2<3<11<3<3<12<4,2013-12-25T09:26:40Z,2014-01-02T09:00:00Z
18<5<7<6<10<3<11<8<2<3<11<3<11<11<3<11<3<3<11<11<3<11<3<3<3<11<12<17<4,2014-05-12T11:10:14Z,2014-06-05T10:56:16Z
18<5<7<6<10<3<11<8<2<3<11<2<3<11<11<3<11<3<12<4,2014-07-01T22:05:48Z,2014-07-16T11:30:00Z
18<5<7<6<10<3<11<9<8<2<11<3<11<3<11<12<4,2013-11-24T08:56:15Z,2013-11-29T07:45:00Z
18<5<7<6<11<3<9<8<2<2<13<4,2014-11-17T21:34:16Z,2014-11-20T10:10:00Z
18<5<7<6<8<11<3<10<2<12<4,2014-12-22T04:25:48Z,2014-12-24T12:30:00Z
18<5<7<6<3<10<11<8<9<2<11<3<12<17<4,2014-07-18T14:37:59Z,2014-07-27T04:59:42Z
18<5<7<6<9<8<10<11<3<2<11<3<2<12<4,2015-01-06T17:29:49Z,2015-01-10T13:00:00Z
18<5<7<6<11<3<4,2014-04-26T18:23:08Z,2014-04-26T19:34:00Z
18<11<3<5<7<6<10<11<3<9<8<2<11<3<10<11<3<2<2<3<11<3<11<3<2<13<4,2014-08-09T13:19:00Z,2014-08-20T03:45:00Z
18<5<7<6<11<3<2<3<12<4,2015-01-06T23:55:03Z,2015-01-10T11:30:00Z
18<5<7<6<3<11<4,2014-01-29T01:42:25Z,2014-01-29T02:09:00Z
18<5<7<6<9<10<11<3<8<2<3<10<11<11<11<3<10<12<4,2014-10-03T07:22:45Z,2014-10-12T08:30:00Z
18<5<7<6<11<4,2014-02-06T00:17:00Z,2014-02-06T00:26:00Z
18<5<7<11<3<10<6<9<8<4,2014-10-26T23:00:42Z,2014-10-27T02:00:00Z
18<5<7<6<10<11<3<8<2<3<11<2<11<3<3<12<4,2015-01-25T14:00:04Z,2015-01-30T12:00:00Z
18<5<7<6<3<11<10<8<2<4,2014-09-01T06:40:16Z,2014-09-01T15:43:18Z
18<5<7<6<11<3<10<8<9<2<2<13<4,2014-01-01T16:06:57Z,2014-01-02T08:00:00Z
18<5<7<6<11<3<2<11<11<3<3<11<11<3<11<3<12<17<4,2014-09-19T06:14:18Z,2014-10-06T08:36:47Z
18<5<3<11<7<6<8<2<12<4,2014-01-17T15:44:42Z,2014-01-21T10:00:00Z
18<5<7<6<9<8<11<10<3<2<2<11<3<3<11<14<4,2014-04-09T11:21:46Z,2014-04-28T09:15:00Z
18<5<6<8<7<3<11<10<9<2<3<11<2<12<4,2014-02-24T20:43:57Z,2014-02-28T09:30:00Z
18<5<7<6<10<3<11<9<8<2<11<3<3<11<11<3<12<17<4,2014-04-18T16:44:51Z,2014-05-27T12:03:53Z
18<5<7<6<11<10<3<8<4,2013-11-28T15:06:15Z,2013-11-28T16:48:05Z
18<5<7<6<10<3<11<8<2<9<3<11<12<4,2014-05-31T19:46:45Z,2014-06-06T12:00:00Z
18<5<7<6<3<11<10<2<3<11<12<17<4,2014-12-26T18:45:40Z,2015-01-04T15:32:50Z
18<5<7<6<11<10<3<9<8<2<11<3<12<4,2014-04-17T19:30:41Z,2014-04-21T07:45:00Z
18<5<3<10<11<7<6<9<8<2<2<11<3<3<11<12<4,2015-01-11T14:59:46Z,2015-01-15T14:30:00Z
18<5<7<6<10<3<11<8<2<3<11<2<11<3<12<4,2014-03-01T20:28:17Z,2014-03-06T09:00:00Z
18<5<7<6<11<3<10<9<8<2<2<3<11<1<3<10<11<11<10<3<2<3<11<2<3<11<11<3<3<11<3<11<3<16<4,2014-06-04T18:02:57Z,2014-07-03T07:00:00Z
18<5<7<6<11<3<10<10<9<8<3<11<10<1<10<11<3<10<10<10<11<3<2<11<3<10<3<11<11<3<10<2<11<3<11<3<11<3<3<11<13<4,2014-09-18T11:46:43Z,2014-10-02T22:59:00Z
18<5<7<6<3<10<11<9<8<2<11<3<12<17<4,2014-07-10T09:52:00Z,2014-07-28T15:36:41Z
18<5<7<6<3<11<10<8<2<9<11<3<14<4,2014-02-16T20:57:06Z,2014-02-22T12:50:00Z
18<5<7<11<3<10<6<9<8<2<11<3<11<3<11<3<12<4,2014-07-13T23:15:16Z,2014-07-22T12:00:00Z
18<5<7<6<3<10<11<9<8<2<11<3<12<4,2014-06-04T09:56:17Z,2014-06-09T09:30:00Z
18<5<7<10<11<3<6<9<8<2<11<3<2<3<12<4,2014-10-31T10:25:27Z,2014-11-04T09:00:00Z
18<5<7<6<10<11<3<9<8<2<3<12<17<4,2014-03-08T02:44:37Z,2014-11-26T02:05:34Z
18<5<7<6<10<11<3<9<8<2<11<3<12<17<4,2014-05-20T10:31:49Z,2014-07-01T09:40:54Z
18<5<7<6<11<3<10<2<13<4,2014-02-13T12:14:23Z,2014-02-18T18:30:00Z
18<5<7<6<9<8<3<11<10<2<3<11<3<11<11<3<3<12<4,2014-02-11T16:12:08Z,2014-02-22T07:55:00Z
18<5<7<6<3<11<4,2014-02-19T23:02:34Z,2014-02-19T23:26:00Z
18<5<7<6<9<10<3<11<8<2<11<3<2<3<12<4,2014-03-05T02:36:26Z,2014-03-07T10:00:00Z
18<5<7<3<11<6<4,2014-03-21T13:38:19Z,2014-03-21T15:50:54Z
18<5<7<6<11<3<2<2<11<3<12<4,2014-10-05T13:28:27Z,2014-10-12T13:00:00Z
18<5<7<6<3<10<11<9<8<2<3<11<12<4,2014-09-19T06:51:17Z,2014-09-22T14:00:00Z
18<5<7<6<9<8<3<10<11<2<11<3<11<11<3<3<11<2<14<4,2014-08-19T17:41:58Z,2014-09-01T08:00:00Z
18<5<7<6<9<11<3<8<2<11<11<3<3<11<12<17<4,2014-06-30T16:04:08Z,2014-10-18T09:17:01Z
18<5<7<6<3<11<2<3<15<4,2014-09-20T14:26:51Z,2014-09-25T09:14:39Z
18<5<7<6<10<3<11<9<8<2<11<3<12<4,2014-08-29T20:54:03Z,2014-09-01T07:30:00Z
18<5<7<6<3<11<4,2014-09-13T19:00:25Z,2014-09-13T19:16:00Z
18<5<7<3<11<10<6<9<8<1<10<3<11<11<3<10<3<10<11<2<11<3<12<17<4,2014-12-26T14:44:53Z,2015-05-04T10:21:42Z
18<5<7<6<3<11<10<2<12<17<4,2014-02-09T12:39:54Z,2014-04-05T01:40:50Z
18<5<10<11<3<7<6<8<9<2<3<11<12<17<4,2014-06-21T04:33:03Z,2014-09-25T14:04:57Z
18<5<7<11<10<3<6<9<8<2<2<11<3<12<17<4,2014-03-29T17:23:51Z,2014-04-28T19:05:08Z
18<5<7<6<11<3<10<8<9<2<11<12<4,2015-01-07T19:39:25Z,2015-01-11T09:00:00Z
18<5<7<10<11<3<6<9<8<4,2015-01-04T09:44:28Z,2015-01-04T13:18:23Z
18<5<7<3<10<11<6<9<8<4,2014-02-13T14:51:08Z,2014-02-13T16:38:56Z
18<5<7<6<4,2014-05-02T15:08:18Z,2014-05-02T15:28:02Z
18<5<7<6<3<11<4,2013-11-19T17:19:38Z,2013-11-19T17:29:00Z
18<5<7<6<11<3<10<9<8<4,2014-11-10T03:25:25Z,2014-11-10T06:04:51Z
18<5<7<9<11<3<10<6<8<2<11<3<2<3<11<12<17<4,2013-12-11T12:16:08Z,2014-01-11T11:57:22Z
18<5<7<11<3<6<9<10<8<2<3<11<3<11<12<4,2014-07-13T08:57:07Z,2014-07-18T08:00:00Z
18<5<7<6<3<10<11<9<8<4,2014-07-27T20:02:28Z,2014-07-27T21:20:55Z
18<5<7<6<11<3<10<9<8<2<11<3<2<11<3<12<4,2014-04-20T16:21:54Z,2014-04-25T16:00:00Z
18<9<5<7<6<8<3<11<10<2<2<11<3<11<3<12<4,2014-10-28T20:08:11Z,2014-11-06T09:45:00Z
18<5<7<6<11<3<10<2<2<12<4,2014-03-27T10:05:24Z,2014-04-02T14:00:00Z
18<5<7<6<9<11<10<3<8<2<4,2013-11-28T18:08:21Z,2013-11-28T20:37:05Z
18<5<7<6<3<10<11<9<8<4,2014-03-16T21:55:04Z,2014-03-16T23:38:14Z
18<5<7<10<11<3<6<9<8<2<11<3<2<12<4,2014-11-07T14:08:45Z,2014-11-10T15:00:00Z
18<11<3<5<7<11<3<10<6<9<8<2<3<12<4,2014-09-18T15:41:00Z,2014-09-22T12:00:00Z
18<5<7<6<11<10<3<9<8<2<11<2<3<11<12<4,2014-10-17T20:14:45Z,2014-10-24T09:00:00Z
18<5<7<6<3<11<9<8<1<10<10<11<10<3<10<10<10<11<3<10<11<3<2<11<3<3<11<3<11<3<11<3<12<4,2014-07-26T16:22:41Z,2014-08-16T08:35:00Z
18<5<7<6<9<3<11<10<8<4,2015-01-15T19:14:58Z,2015-01-15T19:35:59Z
18<5<7<6<11<3<10<9<8<2<2<11<3<3<12<17<4,2014-06-08T10:28:37Z,2014-11-20T09:58:55Z
18<5<7<6<3<10<11<2<11<3<11<2<10<3<11<13<4,2014-06-23T12:19:50Z,2014-06-26T02:00:00Z
18<5<7<6<11<3<10<9<8<4,2014-10-17T08:02:44Z,2014-10-17T12:07:37Z
18<5<7<6<10<3<11<9<8<2<3<3<12<4,2015-02-02T14:30:18Z,2015-02-05T12:30:00Z
18<5<7<6<10<11<3<9<8<2<3<11<11<3<11<3<11<12<4,2014-02-27T07:58:20Z,2014-03-16T08:30:00Z
18<5<7<11<10<3<1<6<9<8<11<10<3<3<10<11<2<11<3<12<4,2014-04-25T14:42:42Z,2014-04-30T07:04:38Z
18<5<7<6<11<3<10<9<8<2<11<2<11<11<3<3<3<11<11<11<11<11<3<2<2<11<11<3<3<11<3<11<12<17<4,2014-02-19T08:26:10Z,2014-08-05T20:02:37Z
18<5<7<6<11<3<10<9<8<2<3<12<17<4,2015-02-02T09:35:49Z,2015-02-08T23:14:34Z
18<5<7<6<11<3<2<12<4,2014-07-18T03:04:02Z,2014-07-23T08:00:00Z
18<5<7<6<3<11<10<8<9<2<11<3<12<17<4,2014-02-12T13:18:20Z,2014-07-04T15:09:34Z
18<5<10<3<11<7<6<8<9<2<11<3<11<3<12<4,2014-05-02T16:36:15Z,2014-05-06T13:00:00Z
18<5<7<6<11<3<10<4,2014-06-10T11:08:33Z,2014-06-10T11:33:00Z
18<5<7<3<11<6<4,2014-10-26T18:22:19Z,2014-10-26T19:25:22Z
18<5<7<6<9<11<3<10<8<2<2<3<11<12<4,2014-03-10T14:53:54Z,2014-03-17T12:00:00Z
18<5<7<6<3<10<11<9<8<2<12<4,2014-05-12T10:27:58Z,2014-05-17T08:00:00Z
18<5<7<6<3<10<11<9<8<1<3<11<10<10<11<3<10<11<3<11<3<10<11<3<10<2<3<11<3<11<12<4,2014-03-30T15:57:58Z,2014-04-10T11:30:00Z
18<5<7<6<10<3<11<8<2<2<3<11<3<15<17<4,2014-08-18T12:10:03Z,2014-09-07T09:07:45Z
18<5<7<6<11<3<10<9<8<2<3<12<17<4,2014-05-09T08:55:38Z,2014-11-18T09:23:28Z
18<5<7<11<3<10<6<8<2<3<11<12<4,2014-10-25T11:30:00Z,2014-10-27T12:00:00Z
18<5<3<11<10<7<6<8<2<12<4,2014-03-10T11:45:15Z,2014-03-15T09:00:00Z
18<5<7<6<9<11<3<10<8<1<11<3<10<3<10<11<11<10<3<2<13<4,2014-05-11T10:18:51Z,2014-05-18T12:00:00Z
18<5<7<6<9<3<11<10<8<2<3<11<3<11<12<4,2013-12-08T09:50:16Z,2013-12-12T13:20:00Z
18<5<7<6<9<11<10<3<8<2<2<11<11<3<12<4,2014-07-29T00:57:58Z,2014-08-04T08:35:00Z
18<5<7<10<11<3<6<9<8<2<2<11<3<2<11<11<3<11<11<3<12<4,2014-06-19T20:46:46Z,2014-07-01T11:30:00Z
18<5<7<6<10<11<3<9<8<1<11<10<3<11<3<10<10<10<3<11<2<11<3<11<3<3<11<3<12<17<4,2014-03-02T13:16:17Z,2014-06-02T12:08:19Z
18<5<7<6<10<3<11<8<9<2<3<11<11<3<11<3<12<17<4,2014-09-09T19:42:34Z,2014-10-12T19:17:11Z
18<5<7<6<3<10<11<9<8<4,2014-11-01T08:56:02Z,2014-11-01T15:18:06Z
18<5<7<6<3<11<4,2014-11-20T08:25:52Z,2014-11-20T08:57:00Z
18<5<7<6<10<11<3<9<8<2<11<3<11<3<12<17<4,2014-07-02T02:39:23Z,2015-01-02T09:14:22Z
18<5<7<6<9<3<10<11<8<4,2014-08-05T11:49:12Z,2014-08-05T15:17:55Z
18<5<7<6<11<3<10<9<8<2<2<3<11<11<3<11<11<3<3<11<3<11<11<11<3<11<3<3<11<12<17<4,2014-02-10T20:51:26Z,2014-03-05T13:48:59Z
18<5<7<6<11<10<3<9<8<4,2014-10-07T16:47:11Z,2014-10-07T17:50:27Z
18<5<7<6<3<10<11<9<8<2<2<2<11<11<3<11<3<1<11<3<10<11<11<11<11<11<11<11<3<10<11<11<11<11<11<11<11<11<10<3<10<11<3<2<11<11<11<12<17<4,2014-11-04T13:02:09Z,2014-12-05T11:13:23Z
18<5<7<6<10<3<11<9<8<2<12<4,2015-01-26T11:06:00Z,2015-01-29T09:00:00Z
18<5<7<6<10<11<3<8<9<2<3<11<11<12<17<4,2014-05-27T15:50:50Z,2014-11-22T12:38:12Z
18<5<7<6<10<3<11<8<11<3<9<4,2014-07-22T21:28:12Z,2014-07-23T21:45:54Z
18<5<7<6<10<11<3<9<8<2<11<3<2<11<3<11<3<11<3<11<3<11<3<12<4,2015-01-07T21:32:17Z,2015-01-22T11:00:00Z
18<5<7<6<11<10<3<8<9<2<2<11<3<3<11<3<2<2<3<2<11<3<3<11<12<4,2014-01-05T19:36:30Z,2014-01-23T15:29:00Z
18<5<7<6<11<3<8<9<2<11<11<11<13<4,2014-06-02T11:01:57Z,2014-06-07T18:00:00Z
18<5<7<6<11<3<10<4,2014-11-08T13:46:59Z,2014-11-08T15:05:00Z
18<5<7<6<11<3<10<8<9<2<12<4,2014-05-07T16:56:57Z,2014-05-09T09:00:00Z
18<5<7<3<10<11<6<9<8<4,2014-05-12T14:30:57Z,2014-05-12T20:17:45Z
18<5<7<6<11<3<10<8<2<11<3<10<2<9<3<11<12<17<4,2014-10-06T20:10:15Z,2015-06-05T10:25:11Z
18<5<7<6<9<8<3<11<10<4,2014-05-21T15:02:23Z,2014-05-21T15:34:00Z
18<5<7<6<11<3<2<11<3<12<17<4,2014-02-23T23:40:52Z,2014-11-20T05:23:24Z
18<5<7<6<11<3<2<12<4,2014-03-11T12:36:01Z,2014-03-13T09:00:00Z
18<5<7<6<10<3<11<9<8<2<11<3<11<3<12<17<4,2013-12-07T00:11:08Z,2014-01-15T20:02:25Z
18<5<7<6<3<11<10<9<8<3<11<10<4,2014-05-10T20:26:10Z,2014-05-11T05:00:00Z
18<5<7<6<3<10<11<8<2<11<3<2<9<3<11<11<3<12<17<4,2014-05-13T21:00:14Z,2014-05-29T11:27:22Z
18<5<7<11<10<3<6<2<3<11<3<11<3<11<3<11<12<17<4,2015-01-24T15:45:54Z,2015-02-20T09:34:07Z
18<5<7<11<3<10<6<9<8<2<12<4,2014-03-07T19:36:08Z,2014-03-09T09:30:00Z
18<5<7<6<3<11<10<9<8<4,2014-08-06T09:50:31Z,2014-08-06T15:39:14Z
18<5<7<6<4,2015-01-20T23:14:49Z,2015-01-20T23:21:17Z
18<5<7<6<9<8<11<10<3<2<3<12<4,2014-12-08T09:56:58Z,2014-12-13T11:00:00Z
18<5<7<6<3<11<10<8<2<3<11<9<4,2014-10-05T18:51:36Z,2014-10-06T19:00:47Z
18<5<7<6<10<3<11<8<2<3<3<11<12<17<4,2014-11-22T09:48:10Z,2015-01-08T17:32:02Z
18<5<7<6<3<10<11<8<2<11<3<3<12<17<4,2013-11-20T14:16:15Z,2014-07-11T19:07:05Z
18<5<7<6<3<10<11<9<8<4,2014-04-21T08:38:12Z,2014-04-21T11:47:51Z
18<5<7<6<11<10<3<2<10<11<3<2<2<14<4,2014-03-02T14:44:37Z,2014-03-23T10:00:00Z
18<5<7<10<3<11<6<9<8<2<3<11<12<17<4,2014-04-01T09:10:14Z,2014-08-02T11:30:00Z
18<5<7<6<11<3<10<9<8<2<11<3<3<11<11<3<12<4,2014-05-02T18:47:21Z,2014-05-13T08:30:00Z
18<5<7<6<9<8<11<3<10<2<3<3<11<11<3<3<11<12<4,2014-11-04T19:19:40Z,2014-11-16T09:00:00Z
18<5<7<6<11<3<10<2<11<3<2<12<4,2014-04-14T18:51:37Z,2014-04-19T07:19:09Z
18<5<7<6<11<10<3<2<9<8<4,2014-07-05T18:15:59Z,2014-07-06T21:17:59Z
18<5<7<11<3<6<4,2014-04-10T09:41:13Z,2014-04-10T10:49:09Z
18<5<6<7<8<11<3<9<2<3<11<3<11<3<3<11<12<4,2014-07-21T10:24:06Z,2014-08-23T08:45:00Z
18<5<3<10<11<7<6<9<8<2<2<2<12<17<4,2014-08-20T20:58:06Z,2014-08-25T19:42:34Z
18<5<9<7<6<3<10<11<8<2<11<2<10<3<11<10<11<3<11<3<10<3<11<13<4,2014-03-26T10:20:08Z,2014-03-31T02:20:55Z
18<5<7<6<3<10<11<8<2<9<4,2014-09-08T18:49:40Z,2014-09-09T20:05:30Z
18<5<11<3<10<7<6<8<9<2<1<10<3<11<10<3<11<11<3<10<3<11<10<3<10<11<2<3<12<4,2014-11-05T01:05:12Z,2014-11-11T09:00:00Z
18<5<7<6<3<11<8<4,2014-05-31T13:07:00Z,2014-05-31T15:28:33Z
18<5<7<3<11<10<6<2<13<4,2014-03-08T07:40:34Z,2014-03-08T10:55:00Z
18<5<7<6<3<10<11<9<8<2<4,2014-12-16T19:41:04Z,2014-12-16T23:08:21Z
18<5<7<6<11<3<10<4,2014-10-16T14:37:21Z,2014-10-16T14:44:00Z
18<5<7<6<10<11<3<8<1<10<11<3<11<3<10<11<3<10<3<11<10<3<11<10<10<11<3<11<3<10<2<3<11<3<11<11<2<12<4,2014-05-08T11:26:19Z,2014-05-26T11:45:00Z
18<5<7<6<3<10<11<2<11<3<11<3<12<4,2014-06-21T15:08:52Z,2014-06-27T18:00:00Z
18<5<7<6<9<8<10<11<3<4,2013-12-04T15:35:19Z,2013-12-04T15:56:00Z
18<5<7<11<10<3<6<9<8<2<3<11<11<3<11<3<2<3<11<12<17<4,2014-10-09T09:16:42Z,2015-01-09T21:32:17Z
18<5<7<6<10<3<11<8<2<3<11<2<3<11<11<3<12<17<4,2014-01-02T16:17:25Z,2014-01-22T19:36:30Z
18<5<7<10<11<3<6<9<8<2<2<3<11<11<3<3<12<17<4,2014-03-19T13:54:15Z,2014-04-04T10:32:51Z
18<5<7<6<3<10<11<9<8<2<2<11<3<11<3<11<11<12<17<4,2015-02-08T18:51:33Z,2015-02-25T20:05:22Z
18<5<7<6<9<8<10<3<11<2<11<3<12<4,2014-09-05T12:40:47Z,2014-09-12T08:00:00Z
18<5<7<6<9<8<3<11<10<2<3<11<12<4,2014-05-03T06:37:18Z,2014-05-07T09:00:00Z
18<5<7<6<9<10<3<11<8<2<11<3<11<3<11<3<12<4,2014-08-15T07:06:19Z,2014-08-20T11:00:00Z
18<5<11<10<3<7<6<9<8<2<11<3<12<17<4,2014-08-27T00:15:42Z,2015-04-29T13:32:06Z
18<5<7<6<11<10<3<9<8<2<12<17<4,2014-05-09T17:12:49Z,2014-10-17T21:12:07Z
18<5<7<6<9<8<11<3<10<2<3<11<12<4,2014-08-25T04:18:21Z,2014-08-31T08:00:00Z
18<5<7<6<3<10<11<9<8<2<3<11<11<12<17<4,2014-08-10T21:07:44Z,2015-01-22T22:11:20Z
18<5<7<6<11<10<3<9<8<2<11<3<11<3<14<4,2014-07-06T13:19:13Z,2014-07-12T08:30:00Z
18<5<7<6<11<3<2<2<12<17<4,2014-03-05T07:45:59Z,2014-09-28T18:13:13Z
18<5<7<6<11<10<3<9<8<2<2<11<3<3<11<12<4,2014-08-01T08:35:00Z,2014-08-08T08:05:00Z
18<5<7<6<11<3<10<8<2<9<11<3<3<11<12<4,2014-07-02T21:37:45Z,2014-07-06T16:30:00Z
18<5<7<6<11<3<10<9<8<1<11<3<10<3<10<11<10<11<3<11<3<10<11<3<10<11<10<3<11<10<11<3<11<3<10<2<11<3<3<11<3<11<11<11<11<3<3<11<3<11<11<3<3<11<3<11<11<3<12<17<4,2014-05-29T01:22:48Z,2014-07-12T20:51:19Z
18<5<7<6<10<11<3<9<8<2<12<4,2014-05-02T20:39:29Z,2014-05-04T11:00:00Z
18<5<7<6<11<3<2<11<3<11<11<11<11<11<10<3<11<12<17<4,2015-01-18T16:28:17Z,2015-02-23T20:43:23Z
18<5<7<6<10<11<3<9<8<4,2014-01-11T06:03:42Z,2014-01-11T08:00:00Z
18<5<7<3<10<11<6<9<8<4,2014-03-18T15:50:43Z,2014-03-18T17:45:00Z
18<5<7<6<11<3<10<11<3<10<9<8<2<3<12<4,2014-06-07T13:22:23Z,2014-06-12T08:00:00Z
18<11<5<7<6<3<10<11<8<2<2<11<12<4,2014-09-11T07:38:00Z,2014-09-20T13:00:00Z
18<5<7<6<11<10<3<8<4,2014-02-14T08:27:11Z,2014-02-14T09:02:46Z
18<5<7<6<9<8<3<10<11<1<11<3<10<10<3<11<10<11<3<2<12<17<4,2014-02-19T18:50:19Z,2014-05-17T09:28:57Z
18<5<7<10<11<3<6<9<8<2<10<3<11<2<11<3<3<11<12<17<4,2014-06-26T20:47:43Z,2014-07-21T14:32:02Z
18<11<3<5<7<6<9<10<11<3<8<2<11<3<2<3<11<11<11<3<11<11<11<11<11<3<11<11<11<11<11<11<3<3<11<11<3<11<3<3<11<11<3<11<11<3<11<3<11<3<11<11<11<3<3<11<3<11<11<3<11<1<11<3<10<3<10<11<10<11<3<11<3<10<2<11<11<11<11<3<11<11<3<11<11<3<3<11<15<4,2014-12-24T08:34:00Z,2015-02-04T12:20:00Z
18<5<7<6<3<10<11<4,2014-03-03T19:46:23Z,2014-03-03T20:13:00Z
18<5<7<6<10<11<3<8<2<2<3<11<3<11<12<17<4,2014-03-16T03:24:14Z,2014-03-23T14:46:59Z
18<5<7<6<8<3<11<10<2<2<3<11<3<11<12<4,2014-10-05T04:55:02Z,2014-10-10T18:00:00Z
18<5<7<6<8<11<10<3<9<2<11<3<2<14<4,2015-02-11T12:24:15Z,2015-02-18T08:55:00Z
18<5<7<6<11<3<2<2<3<11<3<11<3<12<4,2015-02-18T16:04:38Z,2015-02-27T17:00:00Z
18<5<7<6<10<11<3<9<8<2<11<3<2<11<3<10<3<11<2<11<1<3<10<11<11<11<3<10<11<2<11<3<11<11<11<11<3<11<3<11<15<17<4,2014-07-21T13:19:09Z,2014-08-26T11:35:19Z
18<5<7<6<9<3<10<11<8<1<3<11<10<3<10<11<1<11<3<10<11<11<3<10<2<12<4,2014-07-30T22:25:29Z,2014-08-06T14:00:00Z
18<5<7<6<11<3<10<9<8<2<1<3<10<11<3<10<11<2<3<11<12<4,2015-01-26T16:22:03Z,2015-02-01T13:30:00Z
18<5<7<3<11<10<2<6<9<8<12<4,2014-12-18T08:47:59Z,2014-12-22T08:00:00Z
18<5<7<6<11<10<3<8<2<3<12<4,2014-06-25T10:22:33Z,2014-06-29T11:00:00Z
18<5<7<6<11<3<4,2014-11-14T10:22:26Z,2014-11-14T10:32:00Z
18<5<7<6<11<3<2<3<11<2<3<11<11<3<3<11<13<4,2015-01-14T14:04:34Z,2015-01-28T10:20:00Z
18<5<7<6<10<3<11<2<11<3<2<11<3<11<3<11<3<11<3<11<3<12<17<4,2014-04-17T13:19:30Z,2014-05-10T15:27:33Z
18<5<7<6<11<3<9<8<2<11<11<11<11<11<12<17<4,2014-07-16T07:44:44Z,2014-10-24T10:16:53Z
18<5<7<6<9<8<10<11<3<2<11<3<11<3<13<4,2014-02-14T18:28:29Z,2014-02-24T23:30:00Z
18<6<9<8<5<7<10<3<11<10<3<11<4,2014-03-30T08:10:59Z,2014-03-30T10:57:00Z
18<6<5<7<3<11<10<8<9<2<11<3<2<11<3<13<4,2014-11-04T22:30:00Z,2014-11-08T05:30:00Z
18<5<7<10<3<11<6<9<8<2<2<11<3<12<4,2014-08-23T10:47:37Z,2014-09-03T07:15:00Z
18<5<7<6<11<3<4,2014-11-28T02:19:01Z,2014-11-28T02:37:00Z
18<5<7<6<3<10<11<1<2<3<11<3<2<13<4,2014-03-11T08:50:02Z,2014-03-16T00:00:00Z
18<5<7<11<3<10<6<2<2<11<3<12<4,2013-11-16T10:38:41Z,2013-11-22T09:00:00Z
18<5<7<6<10<11<3<8<1<3<11<10<11<3<10<2<2<11<3<3<11<12<4,2013-12-12T07:49:26Z,2013-12-22T05:00:00Z
18<5<7<6<3<10<11<9<8<2<3<11<2<11<3<12<4,2014-04-17T12:28:36Z,2014-04-22T09:39:58Z
18<5<7<6<3<10<11<9<8<2<3<11<11<3<14<17<4,2014-07-27T17:29:38Z,2014-12-05T11:05:28Z
18<5<7<6<11<3<4,2014-04-29T18:06:23Z,2014-04-29T18:41:00Z
18<5<7<6<9<3<11<10<8<4,2014-05-10T13:56:58Z,2014-05-10T14:15:00Z
18<5<7<11<3<10<6<9<8<1<1<11<3<10<11<3<10<11<11<3<10<10<3<10<11<10<11<3<11<10<3<2<12<4,2014-12-08T11:12:19Z,2014-12-14T18:00:00Z
18<5<7<6<9<8<10<11<3<2<3<12<17<4,2014-01-04T19:49:48Z,2015-01-04T18:28:24Z
18<5<7<6<3<10<11<9<8<2<11<3<2<11<3<3<3<12<4,2014-03-06T14:30:48Z,2014-03-13T16:00:00Z
18<5<7<6<9<3<11<10<8<2<11<3<3<11<11<3<12<17<3<11<4,2014-05-27T01:52:46Z,2014-06-01T19:26:00Z
18<5<7<6<9<11<3<10<8<2<2<11<3<12<4,2014-10-25T18:30:31Z,2014-10-31T09:00:00Z
18<5<7<6<9<10<11<3<8<4,2014-12-17T16:49:12Z,2014-12-17T21:44:19Z
18<5<7<6<3<11<10<8<2<2<11<3<11<3<12<17<4,2013-12-13T10:58:49Z,2015-02-08T18:45:18Z
18<5<7<11<3<10<6<9<8<2<11<3<10<11<3<3<12<4,2014-11-30T05:58:43Z,2014-12-11T08:45:00Z
18<5<7<6<11<10<3<9<8<2<3<11<12<4,2014-11-03T16:39:47Z,2014-11-07T13:15:00Z
18<5<7<6<10<3<11<9<8<1<10<11<3<2<11<3<12<4,2014-06-27T17:26:16Z,2014-07-02T12:00:00Z
18<5<7<6<10<3<11<2<12<17<4,2014-05-06T14:44:48Z,2014-05-27T18:35:37Z
18<5<7<6<3<11<10<8<9<2<11<3<2<3<11<12<17<4,2014-11-01T16:34:14Z,2014-12-23T18:08:31Z
18<5<7<6<11<3<10<9<8<2<3<11<3<11<3<12<4,2014-07-12T15:09:24Z,2014-07-17T11:30:00Z
18<5<7<6<3<10<11<9<8<2<2<3<11<12<4,2014-12-06T13:54:36Z,2014-12-13T12:00:00Z
18<5<7<6<3<10<11<9<8<2<14<4,2014-04-09T15:01:24Z,2014-04-25T11:00:00Z
18<5<7<6<3<10<11<9<8<2<11<2<3<3<11<11<11<11<3<15<4,2014-12-12T14:09:12Z,2014-12-22T10:00:00Z
18<5<7<6<3<10<11<9<8<2<11<3<11<3<12<17<4,2015-01-28T07:33:50Z,2015-05-07T17:35:42Z
18<5<7<6<10<11<3<9<8<1<11<10<3<2<11<3<12<4,2014-08-30T06:50:24Z,2014-09-05T12:15:00Z
18<11<3<5<7<6<2<3<11<2<3<11<3<11<3<14<4,2014-01-27T12:40:00Z,2014-02-08T12:20:00Z
18<5<7<6<4,2014-02-19T07:39:43Z,2014-02-19T07:51:21Z
18<5<7<6<9<11<3<10<8<2<2<3<11<11<3<3<11<12<17<4,2015-02-12T14:18:22Z,2015-02-25T12:47:53Z
18<5<7<6<11<3<10<8<1<3<11<10<10<11<11<3<10<11<3<10<10<11<3<2<3<11<3<3<11<3<12<4,2014-08-01T08:26:51Z,2014-08-13T08:30:00Z
18<5<7<6<11<3<10<9<8<2<3<11<10<3<11<3<11<11<3<11<3<11<3<11<3<12<4,2014-11-27T08:26:16Z,2014-12-13T11:00:00Z
18<5<7<6<10<11<3<2<2<3<11<12<4,2014-10-22T04:34:40Z,2014-10-25T13:00:00Z
18<5<7<6<11<3<10<9<8<2<2<11<3<12<4,2015-01-28T14:24:44Z,2015-01-31T17:00:00Z
18<5<7<6<10<3<11<8<9<2<12<4,2014-12-19T20:35:27Z,2014-12-21T12:00:00Z
18<5<7<6<10<3<11<9<8<3<10<11<1<10<11<3<11<3<10<11<3<10<10<11<3<3<10<11<11<3<10<11<3<10<2<11<11<3<11<11<3<11<11<3<15<17<4,2014-10-25T11:17:04Z,2014-11-12T14:58:21Z
18<5<7<6<11<3<10<9<8<2<11<3<3<11<12<4,2014-03-31T06:21:47Z,2014-04-07T14:00:00Z
18<5<7<6<4,2014-02-01T20:08:54Z,2014-02-01T20:20:30Z
18<5<3<11<10<7<6<9<8<2<3<11<3<11<11<3<12<4,2014-02-17T08:25:50Z,2014-02-23T14:00:00Z
18<5<7<6<11<3<7<4,2014-07-01T12:58:06Z,2014-07-01T13:54:26Z
18<5<7<6<9<10<11<3<8<2<12<4,2014-11-29T07:01:38Z,2014-12-02T16:00:00Z
18<5<7<6<3<11<10<8<2<9<3<11<3<11<12<17<4,2014-03-09T21:41:06Z,2014-05-07T10:47:37Z
18<5<7<3<10<11<9<2<6<8<1<3<10<11<11<3<10<2<11<3<3<11<12<4,2014-09-16T18:03:03Z,2014-09-21T08:00:00Z
18<5<7<6<8<11<3<10<2<11<3<12<4,2013-11-09T08:21:03Z,2013-11-16T12:05:00Z
18<9<5<7<6<10<3<11<8<4,2014-07-11T07:32:24Z,2014-07-11T08:02:24Z
18<5<7<6<10<3<11<2<12<17<4,2014-12-09T12:00:02Z,2015-02-15T17:33:09Z
18<5<11<3<10<7<6<9<8<2<11<2<3<11<12<4,2014-03-24T23:14:37Z,2014-03-28T10:00:00Z
18<5<7<6<9<11<3<10<8<2<3<3<12<4,2014-02-10T10:36:11Z,2014-02-15T13:00:00Z
18<7<5<6<9<8<11<3<10<2<11<12<17<4,2014-04-10T00:09:50Z,2014-06-12T14:35:29Z
18<5<7<6<3<11<4,2013-12-21T10:27:15Z,2013-12-21T10:42:00Z
18<5<7<6<4,2014-08-25T10:20:55Z,2014-08-25T10:59:02Z
18<5<7<6<11<3<10<9<8<2<2<11<12<17<4,2013-11-28T13:27:01Z,2014-01-06T19:49:48Z
18<5<7<6<11<3<2<12<4,2014-07-28T16:02:48Z,2014-07-31T08:20:00Z
18<5<9<7<6<8<10<11<3<2<3<11<12<17<4,2014-01-06T19:11:24Z,2014-03-01T01:52:46Z
18<11<3<5<7<6<9<10<3<11<8<2<3<3<11<3<11<12<4,2014-11-12T12:41:00Z,2014-11-18T09:00:00Z
18<5<7<6<11<3<10<9<8<4,2014-11-10T14:24:36Z,2014-11-10T17:15:20Z
18<5<7<6<11<2<11<11<11<3<11<11<11<11<11<11<3<11<12<4,2014-08-01T18:07:48Z,2014-08-13T08:00:00Z
18<5<7<6<9<11<3<10<8<2<2<3<11<11<3<12<17<4,2014-03-06T00:22:26Z,2014-03-26T09:24:17Z
18<5<7<6<11<3<10<8<2<2<9<3<11<2<11<3<12<17<4,2014-03-09T20:22:21Z,2014-03-29T08:43:43Z
18<5<7<6<11<10<3<9<8<2<3<11<11<3<11<3<12<4,2014-06-07T15:25:26Z,2014-06-11T12:45:00Z
18<5<7<11<10<3<6<9<8<2<3<11<12<17<4,2014-07-25T15:59:02Z,2014-07-30T14:44:48Z
18<5<7<6<11<10<3<9<8<2<11<3<3<12<4,2014-03-25T12:20:52Z,2014-03-29T09:00:00Z
18<5<7<6<11<3<10<9<8<2<2<2<3<11<3<11<12<4,2014-05-24T17:40:09Z,2014-05-31T08:30:00Z
18<5<7<6<10<11<3<8<9<2<11<3<4,2014-05-06T18:28:44Z,2014-05-07T06:00:00Z
18<5<7<6<11<3<10<4,2015-02-20T10:10:31Z,2015-02-20T10:45:00Z
18<5<7<9<11<3<10<6<8<4,2014-01-22T12:58:27Z,2014-01-22T14:03:42Z
18<5<7<6<8<11<3<10<9<2<3<11<3<12<4,2014-11-25T13:45:07Z,2014-11-29T09:00:00Z
18<5<7<6<11<10<3<9<8<2<2<12<17<4,2014-09-16T07:08:46Z,2014-10-07T06:15:46Z
18<5<6<7<3<11<10<10<9<8<1<10<11<3<10<3<10<11<2<11<3<11<11<3<11<3<11<3<11<3<11<3<11<11<3<11<3<12<4,2014-10-31T08:04:50Z,2014-12-01T11:30:00Z
18<5<7<3<11<6<4,2015-01-21T16:46:05Z,2015-01-21T19:07:22Z
18<5<7<6<10<3<11<9<8<2<11<3<4,2014-03-25T18:04:46Z,2014-03-26T12:00:00Z
18<5<7<6<4,2014-11-03T08:43:47Z,2014-11-03T09:45:51Z
18<5<7<6<9<10<11<3<8<2<2<3<11<3<11<3<12<17<4,2014-11-03T10:04:03Z,2015-01-02T09:20:09Z
18<5<7<6<3<11<9<8<2<11<3<2<3<11<3<12<17<4,2014-01-12T08:04:20Z,2014-01-24T15:23:39Z
18<5<7<6<11<3<10<9<8<2<11<3<12<17<4,2015-02-12T14:43:06Z,2015-02-17T11:54:11Z
18<5<7<6<3<11<10<9<8<7<4,2014-05-19T13:21:17Z,2014-05-19T14:09:13Z
18<5<7<6<3<11<10<9<8<2<3<3<11<3<11<11<3<11<3<3<11<3<11<12<4,2014-08-20T09:58:02Z,2014-09-02T10:00:00Z
18<5<7<6<10<3<11<9<8<2<2<3<11<3<11<12<17<4,2014-03-26T02:07:35Z,2014-07-05T06:21:47Z
18<5<7<6<8<9<10<3<11<2<2<11<3<11<3<12<4,2014-11-17T21:11:54Z,2014-11-24T12:00:00Z
18<5<7<3<11<6<9<10<8<4,2014-06-06T13:37:50Z,2014-06-06T17:10:08Z
18<11<5<7<6<9<3<11<10<8<2<3<11<12<4,2014-02-27T08:18:00Z,2014-03-01T13:00:00Z
18<5<7<6<11<10<3<9<8<4,2014-08-27T08:03:23Z,2014-08-27T12:14:22Z
18<5<7<9<6<10<3<11<8<2<2<11<3<11<3<11<3<12<17<4,2014-05-03T16:19:41Z,2014-06-16T21:41:06Z
18<5<7<6<3<11<2<12<4,2014-06-07T04:29:56Z,2014-06-09T16:30:00Z
18<5<7<6<3<11<10<9<8<2<3<12<4,2014-01-02T15:45:45Z,2014-01-06T10:00:00Z
18<5<6<8<7<11<10<3<2<2<3<10<11<12<17<4,2014-04-24T08:19:51Z,2014-07-03T20:59:38Z
18<5<7<6<11<3<2<11<2<11<11<11<11<11<11<11<11<3<11<11<11<11<11<16<4,2014-03-02T05:35:09Z,2014-03-31T07:30:00Z
18<5<7<6<3<10<11<9<8<4,2014-02-23T14:55:06Z,2014-02-23T16:43:39Z
18<5<7<11<3<10<6<9<8<4,2014-08-18T15:31:24Z,2014-08-18T17:32:55Z
18<5<7<6<9<8<11<3<10<2<3<11<3<11<12<17<4,2014-02-28T15:31:31Z,2014-05-20T18:46:05Z
18<5<7<6<3<11<10<9<8<2<3<11<3<11<3<3<11<15<17<4,2014-10-28T12:24:21Z,2015-01-15T15:40:23Z
18<5<10<11<3<7<6<9<8<2<2<11<3<12<17<4,2014-07-16T06:54:39Z,2015-02-20T09:19:11Z
18<5<7<11<3<10<6<9<8<4,2014-03-09T12:06:52Z,2014-03-09T19:06:13Z
18<5<7<6<11<3<10<8<9<2<2<11<3<3<11<12<17<4,2014-02-25T16:33:52Z,2014-03-14T12:23:38Z
18<5<7<6<9<11<10<3<8<2<4,2014-01-08T19:39:11Z,2014-01-08T21:43:20Z
18<5<7<6<9<11<3<10<8<4,2014-10-20T15:55:21Z,2014-10-20T19:22:20Z
18<5<7<6<11<3<2<12<17<4,2013-12-24T11:45:04Z,2014-07-16T11:35:39Z
18<5<7<6<9<8<11<10<3<2<11<11<3<12<4,2014-02-15T14:56:02Z,2014-02-23T12:00:00Z
18<5<7<6<11<3<10<2<12<4,2014-03-06T13:23:54Z,2014-03-07T17:00:00Z
18<5<6<7<9<8<3<11<10<2<2<12<17<4,2014-02-27T12:57:37Z,2014-03-11T20:22:21Z
18<5<7<6<11<2<11<12<4,2014-06-04T14:39:57Z,2014-06-07T16:00:00Z
18<5<7<6<9<8<11<10<3<4,2014-10-17T14:37:46Z,2014-10-17T15:11:00Z
18<3<11<5<7<6<11<3<9<8<4,2014-05-24T10:14:00Z,2014-05-24T17:15:30Z
18<5<7<6<11<3<10<9<8<2<11<3<12<4,2014-10-12T12:37:47Z,2014-10-16T14:45:00Z
18<5<7<6<11<3<10<2<3<12<4,2014-05-05T08:56:00Z,2014-05-09T15:00:00Z
18<5<7<6<11<3<10<8<9<1<3<10<11<10<10<10<3<10<11<10<10<10<10<10<11<3<2<3<11<11<3<12<4,2014-10-18T06:43:05Z,2014-10-23T09:00:00Z
18<5<7<6<9<10<3<11<8<2<11<3<3<13<4,2014-07-29T20:10:01Z,2014-08-04T15:00:00Z
18<5<7<6<10<3<11<9<8<2<12<4,2014-03-25T11:54:19Z,2014-03-26T08:00:00Z
18<5<7<11<3<10<6<9<8<2<11<11<3<11<3<11<3<3<11<3<3<11<11<11<3<12<4,2014-05-04T04:15:14Z,2014-05-19T12:00:00Z
18<5<7<6<10<3<11<2<2<11<3<3<11<16<4,2014-09-15T12:16:02Z,2014-10-05T11:00:00Z
18<6<5<7<9<8<3<11<10<2<3<11<2<11<3<11<3<12<4,2014-02-02T19:00:58Z,2014-02-11T10:00:00Z
18<5<7<3<10<11<6<9<8<2<3<11<12<4,2013-11-25T11:56:29Z,2013-11-29T04:10:00Z
18<5<7<6<4,2014-11-12T16:40:19Z,2014-11-12T16:47:39Z
18<5<7<6<9<11<3<10<8<2<2<12<17<4,2015-01-30T11:47:20Z,2015-02-12T12:43:02Z
18<5<7<6<11<3<4,2014-05-03T18:14:32Z,2014-05-03T18:26:00Z
18<5<7<3<11<10<6<9<8<2<11<11<11<3<3<11<11<3<13<4,2013-12-03T09:41:53Z,2013-12-07T18:00:00Z
18<5<7<6<10<11<3<9<8<2<3<3<11<3<11<12<17<4,2013-11-18T12:02:28Z,2014-01-12T16:16:20Z
18<5<7<11<3<6<9<8<2<11<3<11<3<3<11<3<3<11<3<11<3<11<3<11<11<3<3<11<11<3<3<3<3<11<3<11<3<3<11<12<4,2014-03-27T16:12:12Z,2014-05-02T09:45:00Z
18<5<7<6<3<11<10<8<2<2<11<3<11<3<12<4,2014-06-13T19:10:26Z,2014-06-25T17:00:00Z
18<5<11<10<3<7<6<9<8<2<2<3<3<11<3<11<12<4,2014-06-26T21:18:30Z,2014-07-01T08:40:00Z
18<5<7<6<9<8<11<10<3<2<3<10<11<11<3<12<4,2014-12-03T00:25:29Z,2014-12-08T12:00:00Z
18<5<7<6<10<11<3<9<8<2<2<11<3<3<11<12<17<4,2014-06-13T10:59:20Z,2014-06-23T17:35:01Z
18<5<9<7<6<10<11<3<8<1<10<11<10<3<2<3<11<12<4,2014-12-24T10:47:15Z,2014-12-29T09:00:00Z
18<5<7<3<10<11<6<9<8<2<3<11<3<11<11<11<3<12<17<4,2014-03-31T22:08:15Z,2014-04-30T16:19:41Z
18<5<7<6<11<3<10<9<8<3<11<4,2014-12-18T17:34:00Z,2014-12-19T06:00:00Z
18<5<7<6<10<3<11<8<2<11<3<2<9<3<11<12<17<4,2014-02-23T20:43:13Z,2014-06-10T20:27:24Z
18<5<7<6<9<8<3<10<11<2<11<3<11<3<3<11<12<4,2013-12-26T06:50:57Z,2013-12-31T11:09:34Z
18<5<7<6<2<12<4,2014-08-28T08:40:39Z,2014-08-29T08:00:00Z
18<5<7<6<10<3<11<8<9<2<12<17<4,2014-06-17T09:02:28Z,2014-11-08T21:04:52Z
18<5<7<6<9<3<11<10<8<2<2<11<3<3<11<12<4,2014-07-29T15:11:20Z,2014-08-01T15:00:00Z
18<5<7<6<11<10<3<9<8<2<3<11<3<12<4,2014-06-05T06:25:58Z,2014-06-22T09:00:00Z
18<5<9<7<6<3<11<8<2<11<3<12<4,2014-10-11T15:55:10Z,2014-10-15T12:00:00Z
18<6<5<7<11<3<10<9<8<1<10<3<3<10<11<2<12<17<4,2014-02-24T20:00:00Z,2014-06-26T06:54:39Z
18<5<7<6<4,2014-05-11T12:09:29Z,2014-05-11T12:21:21Z
18<5<7<6<3<10<11<8<9<2<11<3<2<11<3<12<17<4,2013-12-16T14:30:19Z,2014-11-17T14:54:09Z
18<5<7<6<11<10<3<9<8<4,2014-11-06T15:29:26Z,2014-11-06T16:49:02Z
18<5<7<6<3<11<10<9<8<2<3<11<2<3<11<12<4,2014-03-31T18:38:07Z,2014-04-05T09:00:00Z
18<5<7<6<9<11<3<10<8<2<2<3<11<3<12<17<4,2014-03-06T13:41:30Z,2014-04-02T13:07:59Z
18<11<3<5<7<6<10<11<3<9<8<2<11<3<3<11<12<4,2014-05-20T10:52:00Z,2014-05-24T13:15:00Z
18<5<7<6<11<3<2<4,2014-06-29T06:49:47Z,2014-06-29T10:03:49Z
18<5<7<6<9<3<10<11<8<2<3<11<12<4,2014-05-31T06:12:01Z,2014-06-03T11:40:00Z
18<5<9<7<6<8<3<11<10<2<12<4,2014-09-11T13:33:49Z,2014-09-20T11:46:42Z
18<5<7<10<11<3<6<9<8<2<3<11<2<11<3<12<17<4,2014-11-16T00:52:30Z,2015-01-02T14:37:46Z
18<5<7<6<9<11<3<10<8<2<11<3<3<12<4,2015-01-19T05:06:52Z,2015-01-23T12:15:00Z
18<5<7<6<11<3<10<8<2<10<12<4,2014-08-27T08:34:14Z,2014-08-31T11:30:00Z
18<11<3<5<7<6<4,2014-02-18T07:05:00Z,2014-02-18T13:39:40Z
18<5<7<10<11<3<6<9<8<2<3<11<3<11<12<4,2014-08-20T23:07:35Z,2014-08-24T07:45:00Z
18<5<7<6<10<3<11<9<8<1<11<10<3<2<12<4,2014-09-14T18:16:04Z,2014-09-27T08:00:00Z
18<5<7<11<3<6<4,2014-11-13T07:43:17Z,2014-11-13T08:22:43Z
18<5<7<6<10<11<3<9<8<2<11<11<11<3<12<4,2014-09-23T08:58:03Z,2014-09-28T14:00:00Z
18<5<7<6<9<10<3<11<8<2<11<3<1<3<11<10<11<11<10<11<3<10<3<11<10<3<10<11<3<10<11<10<11<3<3<11<10<3<11<10<10<11<3<10<3<11<11<3<10<3<11<10<3<11<10<10<11<3<10<3<11<10<11<3<11<3<11<10<11<10<3<10<11<3<3<10<11<3<11<10<3<10<11<1<3<10<11<11<11<3<10<10<3<10<11<3<11<10<3<10<11<3<10<11<10<3<11<10<11<3<3<11<10<11<3<10<3<11<10<10<11<3<10<11<3<10<11<3<10<3<11<10<3<11<11<3<10<10<11<3<3<10<11<11<3<10<10<3<11<3<10<11<3<10<11<11<10<3<11<10<3<3<10<11<11<2<11<3<11<12<17<4,2014-08-25T00:09:42Z,2014-11-02T12:29:18Z
18<5<7<6<9<3<11<10<8<2<11<3<3<11<11<3<3<11<11<3<15<4,2013-12-23T23:38:29Z,2014-01-01T09:00:00Z
18<5<9<7<6<3<10<11<8<2<2<11<3<2<12<4,2014-07-11T13:28:35Z,2014-07-18T20:00:00Z
18<5<7<6<11<10<3<9<8<2<3<11<10<11<3<12<4,2014-12-11T22:28:38Z,2014-12-16T16:00:00Z
18<5<7<6<9<11<3<8<2<3<11<3<11<11<3<12<17<4,2014-05-03T19:14:35Z,2014-08-20T05:34:50Z
18<5<9<7<10<11<3<6<8<2<12<4,2014-05-12T19:24:12Z,2014-05-15T18:00:00Z
18<5<7<3<11<6<2<3<11<3<12<17<4,2014-06-29T08:30:52Z,2014-12-07T07:30:15Z
18<5<7<6<11<10<3<9<8<2<4,2015-01-05T18:09:49Z,2015-01-05T22:11:45Z
18<5<7<6<9<10<11<3<8<2<2<10<11<3<11<3<11<3<3<11<3<12<17<4,2014-08-08T10:08:12Z,2014-09-28T01:24:02Z
18<5<7<6<9<10<11<3<8<2<2<11<3<12<4,2014-12-26T04:24:53Z,2014-12-29T19:00:00Z
18<5<7<6<3<10<11<9<8<4,2014-08-04T09:25:50Z,2014-08-04T09:45:31Z
18<5<7<11<3<6<2<12<17<4,2014-08-07T15:49:36Z,2014-08-13T19:29:21Z
18<5<7<6<10<11<3<9<8<2<2<3<12<17<4,2014-03-11T10:47:39Z,2014-03-19T10:59:20Z
18<7<11<3<10<11<5<1<10<11<3<3<10<11<3<11<10<11<10<3<11<3<10<10<3<11<2<11<3<12<17<4,2014-11-11T10:40:02Z,2014-12-02T15:49:55Z
18<5<7<6<3<11<4,2014-11-12T20:27:21Z,2014-11-12T20:46:00Z
18<5<9<7<6<10<11<3<8<2<3<3<11<2<2<11<3<12<4,2014-11-11T10:25:42Z,2014-11-14T08:52:00Z
18<5<7<6<11<3<10<9<8<2<11<11<11<3<12<17<4,2014-08-31T16:47:15Z,2014-09-11T22:40:27Z
18<5<7<6<11<3<4,2014-11-20T11:11:27Z,2014-11-20T11:28:00Z
18<5<7<6<10<11<3<9<8<4,2013-12-03T20:44:47Z,2013-12-03T21:43:26Z
18<5<7<10<3<11<6<9<8<2<2<3<11<11<3<3<11<11<3<13<4,2013-12-02T09:51:22Z,2013-12-12T05:45:00Z
18<5<7<6<9<3<11<10<8<2<11<3<2<11<3<3<11<3<11<14<4,2014-11-17T19:29:46Z,2014-12-02T08:00:00Z
18<5<7<6<3<10<11<8<2<2<3<3<11<3<3<11<3<11<3<11<12<17<4,2014-05-02T04:09:01Z,2014-05-26T06:25:58Z
18<5<7<6<9<11<3<10<8<4,2014-05-22T10:44:41Z,2014-05-22T14:01:56Z
18<5<7<6<9<3<10<11<8<2<11<3<11<3<12<4,2015-01-25T14:08:46Z,2015-02-01T19:00:00Z
18<5<7<6<8<3<10<11<9<2<3<11<2<3<11<12<4,2014-10-15T19:24:44Z,2014-10-20T13:00:00Z
18<5<7<6<3<11<10<8<9<2<11<3<13<4,2014-03-14T10:00:15Z,2014-03-17T17:30:00Z
18<5<7<6<9<3<10<11<8<2<3<11<3<3<1<11<3<10<11<10<11<3<11<10<11<11<11<11<11<11<13<4,2014-04-19T16:39:23Z,2014-04-26T04:27:00Z
18<5<7<6<11<3<4,2014-03-07T20:49:45Z,2014-03-07T21:42:00Z
18<5<7<6<3<10<11<9<8<2<12<4,2014-08-27T13:38:05Z,2014-08-31T10:00:00Z
18<5<7<6<3<11<10<9<8<2<2<1<3<11<10<10<10<11<3<3<10<11<3<11<10<10<3<11<3<11<10<11<10<3<3<11<10<10<11<3<16<17<4,2014-11-27T09:41:23Z,2015-03-29T15:53:20Z
18<7<5<11<3<10<6<2<9<8<4,2014-08-10T09:39:14Z,2014-08-10T14:50:42Z
18<5<7<6<3<11<2<11<3<3<11<3<11<11<3<3<11<12<4,2015-01-17T08:50:23Z,2015-01-28T10:30:00Z
18<5<7<6<9<8<3<11<10<2<3<11<2<12<4,2014-09-09T07:38:25Z,2014-09-13T08:00:00Z
18<5<7<6<10<11<3<9<8<2<2<11<3<12<17<4,2014-03-20T09:06:50Z,2014-08-25T00:52:30Z
18<5<7<6<3<10<11<9<8<1<10<11<3<10<11<3<10<2<11<3<11<3<3<11<11<3<11<3<11<3<12<17<4,2014-11-30T01:57:44Z,2015-01-17T05:06:52Z
18<5<7<6<10<3<11<9<8<2<11<3<3<11<2<3<11<3<2<2<3<3<11<3<11<3<3<11<3<3<2<15<4,2014-10-26T19:21:00Z,2014-12-14T08:30:00Z
18<5<7<6<10<3<11<9<8<4,2014-06-13T15:57:35Z,2014-06-13T18:14:31Z
18<5<7<6<3<10<11<9<8<2<3<11<12<4,2015-02-15T20:39:55Z,2015-02-19T12:40:00Z
18<5<7<6<11<3<10<9<8<2<11<3<11<3<3<11<11<3<11<3<11<3<12<11<17<4,2014-03-22T19:22:31Z,2014-04-29T14:52:39Z
18<5<7<6<10<11<3<8<9<2<11<11<3<11<11<3<11<3<3<11<11<3<12<4,2014-06-08T10:46:50Z,2014-06-20T08:00:00Z
18<5<7<6<3<11<4,2014-08-15T12:25:35Z,2014-08-15T12:43:00Z
18<5<7<6<9<10<11<3<8<1<3<11<10<11<10<3<3<11<10<10<3<11<2<11<3<3<11<3<11<3<11<11<3<3<11<12<4,2014-12-06T07:30:47Z,2014-12-29T17:00:00Z
18<5<7<6<11<2<12<4,2014-09-12T08:50:45Z,2014-09-13T13:30:00Z
18<5<7<6<9<8<11<3<10<2<3<11<11<3<12<17<4,2014-02-18T21:28:35Z,2015-01-27T12:12:50Z
18<5<7<6<4,2014-12-03T09:50:28Z,2014-12-03T09:54:39Z
18<5<7<6<11<3<10<9<8<4,2014-10-13T13:14:34Z,2014-10-13T16:00:26Z
18<5<6<7<9<10<3<11<8<2<3<10<11<3<11<3<11<11<3<13<4,2014-09-01T10:51:27Z,2014-09-13T19:30:00Z
18<5<7<6<10<11<3<9<8<2<10<3<11<2<3<10<11<11<3<3<12<17<4,2014-09-18T20:24:34Z,2014-09-28T08:30:52Z
18<5<7<6<11<3<10<8<9<2<3<11<12<4,2014-10-04T11:37:43Z,2014-10-10T10:00:00Z
18<5<7<6<3<10<11<9<8<2<11<3<11<11<12<17<4,2013-11-18T16:24:56Z,2014-12-20T15:39:26Z
18<5<11<3<10<7<6<8<2<2<11<3<2<1<10<3<11<10<3<11<11<10<3<2<11<3<3<11<3<12<4,2014-04-05T12:01:25Z,2014-04-20T08:00:44Z
18<5<7<6<11<3<10<8<2<11<3<9<12<17<4,2014-12-22T21:36:58Z,2015-01-01T14:33:58Z
18<5<7<6<11<3<2<11<3<11<3<3<11<3<11<11<3<3<11<15<4,2014-10-02T11:47:38Z,2014-10-23T09:30:00Z
18<11<3<5<7<6<9<10<8<2<2<3<11<3<3<12<4,2014-11-21T08:10:00Z,2014-11-27T09:15:00Z
18<11<5<7<6<3<10<11<9<8<2<3<11<12<4,2014-06-18T06:15:00Z,2014-06-22T09:00:00Z
18<5<7<6<4,2014-04-14T18:24:37Z,2014-04-14T18:40:40Z
18<6<8<9<5<7<3<11<10<2<2<3<11<2<11<3<11<2<11<11<12<17<4,2013-11-27T23:00:01Z,2014-01-27T12:57:44Z
18<5<7<6<4,2014-10-10T01:08:37Z,2014-10-10T01:10:54Z
18<5<7<6<10<11<3<9<8<2<11<3<3<11<12<4,2014-04-07T14:15:09Z,2014-04-10T15:00:00Z
18<5<7<6<10<11<3<2<3<11<3<11<11<3<12<4,2014-02-12T15:56:15Z,2014-02-15T14:00:00Z
18<5<7<6<4,2014-11-04T12:55:37Z,2014-11-04T13:03:10Z
18<5<7<6<9<8<11<3<10<2<3<12<4,2014-01-19T16:29:13Z,2014-01-23T17:00:00Z
18<5<7<6<9<11<3<10<8<2<11<3<11<12<17<4,2013-12-27T15:14:54Z,2014-01-06T11:15:26Z
18<5<7<6<11<3<4,2015-01-14T21:14:36Z,2015-01-14T21:43:00Z
18<5<7<3<10<11<6<9<8<2<11<3<3<11<12<17<4,2014-09-22T21:48:47Z,2014-10-06T14:08:46Z
18<9<5<7<11<3<10<6<8<1<10<3<11<4,2014-10-07T18:00:31Z,2014-10-08T05:00:00Z
18<5<7<3<10<11<6<9<8<2<3<11<3<11<12<17<4,2014-05-17T22:24:21Z,2014-09-09T07:23:41Z
18<5<7<6<10<3<11<9<8<2<3<11<2<11<3<11<3<11<3<3<11<12<4,2014-04-15T15:04:11Z,2014-04-23T15:00:00Z
18<5<7<6<4,2014-12-18T17:53:10Z,2014-12-18T18:34:21Z
18<5<7<11<3<10<6<9<8<2<11<3<12<17<4,2014-05-29T19:08:41Z,2014-07-10T11:30:40Z
18<5<7<6<11<3<11<4,2014-02-20T04:21:59Z,2014-02-20T10:00:00Z
18<5<7<6<9<8<3<10<11<2<11<3<13<4,2014-03-30T11:04:20Z,2014-04-03T21:00:00Z
18<5<7<6<3<11<4,2014-06-16T19:05:04Z,2014-06-16T19:48:00Z
18<5<7<6<11<3<10<9<8<2<3<3<12<17<4,2014-09-26T09:24:42Z,2015-04-22T20:30:51Z
18<5<7<6<9<11<10<3<8<4,2013-12-22T07:11:25Z,2013-12-22T08:39:01Z
18<5<7<6<11<10<3<8<9<2<3<11<12<17<4,2014-10-11T07:32:36Z,2014-12-02T01:57:44Z
18<5<7<11<3<6<9<8<2<2<3<11<3<12<4,2014-09-04T19:10:31Z,2014-09-09T07:44:30Z
18<5<7<6<11<3<8<11<3<4,2014-05-04T18:55:44Z,2014-05-05T05:00:00Z
18<5<7<6<11<3<10<9<8<1<10<11<3<11<3<10<2<11<3<3<11<11<11<3<11<3<12<17<4,2014-08-27T19:46:25Z,2015-04-18T12:02:11Z
18<5<7<6<3<11<9<8<2<11<3<1<3<10<11<3<10<11<11<3<10<11<10<3<10<3<11<3<11<10<10<11<3<10<3<11<11<3<10<11<3<10<3<11<10<10<11<3<11<10<3<2<12<4,2015-01-30T08:53:07Z,2015-02-15T09:00:00Z
18<5<7<6<11<10<3<9<8<2<3<11<11<3<1<11<3<10<10<3<11<10<11<3<2<11<11<3<12<17<4,2014-01-14T08:00:46Z,2014-07-31T15:05:19Z
18<5<7<6<11<3<4,2014-02-11T20:48:17Z,2014-02-11T21:13:00Z
18<5<7<6<3<11<2<3<11<3<11<11<11<11<11<11<11<11<11<3<12<4,2014-03-30T10:17:19Z,2014-04-10T11:30:00Z
18<5<7<3<11<10<6<9<8<4,2014-12-14T15:14:48Z,2014-12-14T16:21:28Z
18<3<11<5<7<6<2<3<11<1<11<3<10<11<11<1<11<3<10<11<11<11<10<3<11<10<11<3<3<10<11<2<12<17<4,2014-04-29T13:08:00Z,2014-05-09T09:16:43Z
18<5<7<11<3<10<9<2<6<8<12<4,2014-12-03T15:47:39Z,2014-12-09T09:15:00Z
18<5<7<6<9<3<11<10<8<2<10<3<11<3<11<10<3<11<10<11<3<12<17<4,2013-12-10T04:40:54Z,2013-12-19T20:21:50Z
18<5<7<6<10<3<11<8<2<3<11<2<3<3<11<12<17<4,2014-02-22T17:37:22Z,2014-10-01T20:24:34Z
18<5<7<6<11<10<3<8<9<2<2<2<12<4,2014-01-29T16:35:14Z,2014-02-02T08:30:00Z
18<9<5<7<6<8<10<11<3<2<2<3<11<11<12<17<4,2014-11-28T15:40:19Z,2015-03-01T13:35:00Z
18<5<7<9<11<3<10<6<8<2<3<12<17<4,2014-05-17T17:17:28Z,2014-08-08T19:14:40Z
18<5<7<6<9<8<3<10<11<2<11<3<3<11<12<4,2014-03-05T09:43:33Z,2014-03-12T11:00:00Z
18<5<7<11<3<10<6<9<8<2<3<11<2<3<11<3<12<4,2015-01-17T19:30:00Z,2015-01-21T15:00:00Z
18<5<7<6<10<3<11<9<8<2<10<11<3<11<3<3<11<3<11<3<11<3<3<11<11<3<11<3<2<2<13<4,2014-10-30T10:52:00Z,2014-11-15T10:30:00Z
18<5<7<6<11<3<10<9<8<2<11<3<12<4,2014-05-07T13:45:11Z,2014-05-16T12:00:00Z
18<5<7<6<3<10<11<4,2013-11-13T13:23:53Z,2013-11-13T14:12:00Z
18<5<7<6<11<3<10<8<2<3<11<11<3<12<17<4,2014-09-05T10:22:37Z,2014-09-26T15:57:44Z
18<5<7<6<3<10<11<2<9<8<3<11<12<4,2014-06-16T08:34:58Z,2014-06-21T12:30:00Z
18<5<7<6<8<9<11<3<10<2<2<11<3<3<11<11<11<11<11<3<10<11<3<11<14<4,2014-11-10T00:45:19Z,2014-11-22T13:30:00Z
18<5<7<6<4,2014-12-06T09:32:35Z,2014-12-06T09:51:24Z
18<5<7<6<11<10<3<9<8<2<3<11<10<2<3<11<3<3<11<3<11<12<4,2014-10-10T16:16:35Z,2014-10-19T11:00:00Z
18<5<7<6<11<3<4,2014-06-01T22:34:13Z,2014-06-01T22:43:00Z
18<5<7<6<11<3<8<9<4,2014-09-11T09:51:28Z,2014-09-11T14:58:59Z
18<9<5<7<6<8<11<3<10<2<2<3<11<3<11<3<12<17<4,2014-03-17T19:20:31Z,2015-01-28T14:37:56Z
18<5<7<6<3<11<10<8<2<2<9<3<11<11<3<11<12<4,2013-12-02T20:33:43Z,2013-12-08T12:00:00Z
18<5<7<6<9<10<11<3<8<1<10<3<11<2<2<12<4,2014-01-30T11:06:08Z,2014-02-02T18:00:00Z
18<5<7<6<3<11<4,2014-10-23T15:23:57Z,2014-10-23T15:39:00Z
18<5<7<6<11<10<3<8<1<3<10<11<11<11<11<11<3<10<11<3<10<10<3<11<2<11<3<11<3<11<3<3<11<11<3<11<3<3<11<11<3<11<3<11<3<11<3<11<3<11<3<12<4,2014-03-15T07:41:08Z,2014-04-23T10:00:00Z
18<5<7<6<11<3<9<8<2<2<3<11<11<3<3<11<3<11<3<11<3<11<3<3<11<3<3<11<12<4,2014-04-08T21:33:14Z,2014-04-27T10:15:00Z
18<5<7<6<3<11<10<9<8<4,2013-12-13T12:47:56Z,2013-12-13T14:01:51Z
18<5<7<6<3<11<10<4,2014-11-30T09:26:08Z,2014-11-30T10:29:00Z
18<5<7<6<9<3<11<10<8<2<11<2<3<10<11<10<3<11<10<1<3<10<11<3<11<10<10<11<3<3<10<11<3<11<10<11<3<10<10<3<11<10<11<3<10<11<10<3<11<10<3<11<10<10<11<3<11<10<3<3<10<11<3<11<10<3<11<10<11<10<3<3<11<10<3<11<10<10<11<3<11<3<10<11<10<3<3<10<11<11<3<10<11<3<10<11<10<3<2<11<3<11<3<3<11<11<3<11<3<3<11<11<3<3<11<11<3<3<11<3<11<11<3<11<3<11<11<3<2<3<11<11<3<11<3<11<3<3<11<3<11<3<11<11<3<3<11<11<3<3<11<11<3<11<3<3<11<11<11<3<11<3<11<3<3<11<3<11<11<3<11<3<3<11<11<3<11<3<3<11<11<3<11<3<11<14<4,2014-06-16T23:17:11Z,2014-10-09T08:00:00Z
18<5<7<6<3<10<11<9<8<2<11<3<12<17<4,2014-05-15T10:06:35Z,2014-11-16T11:54:24Z
18<5<7<6<3<11<10<9<8<2<2<12<4,2014-09-14T11:19:00Z,2014-09-18T09:36:49Z
18<5<7<3<10<11<6<9<8<2<3<11<11<3<12<17<4,2014-05-31T16:15:05Z,2014-07-06T01:03:10Z
18<5<7<6<10<3<11<9<8<2<11<3<12<17<4,2014-06-29T11:29:14Z,2014-07-14T08:33:21Z
18<5<7<3<10<11<6<9<8<2<2<11<3<12<17<4,2014-03-10T13:20:18Z,2014-06-15T10:16:41Z
18<5<7<6<11<10<3<9<8<2<2<3<11<2<3<11<12<4,2014-05-25T13:21:48Z,2014-05-29T13:30:00Z
18<5<7<6<3<10<11<9<8<2<11<3<3<11<11<3<3<3<12<4,2014-06-17T16:57:55Z,2014-06-24T11:30:00Z
18<5<7<9<3<11<10<6<8<2<12<4,2014-06-06T00:13:13Z,2014-06-10T10:00:00Z
18<5<7<6<3<11<10<4,2014-09-19T10:44:39Z,2014-09-19T10:58:00Z
18<5<7<6<3<11<4,2014-11-20T19:33:53Z,2014-11-20T20:16:00Z
18<5<7<6<10<11<3<9<8<2<2<3<3<3<12<17<4,2014-09-18T18:39:45Z,2014-12-31T21:01:03Z
18<5<7<6<9<8<11<10<3<2<11<3<11<3<2<11<3<11<3<2<2<12<4,2014-03-15T15:29:31Z,2014-03-26T18:00:00Z
18<5<7<6<8<3<11<2<11<3<9<3<11<12<4,2014-08-09T21:33:30Z,2014-08-13T09:00:00Z
18<5<7<6<9<10<3<11<8<2<2<11<3<12<4,2014-05-14T16:29:12Z,2014-05-17T08:00:00Z
18<5<7<6<11<10<3<9<8<2<11<3<3<11<3<12<17<4,2014-11-05T13:30:30Z,2015-02-06T06:48:44Z
18<5<7<6<3<11<4,2014-06-03T15:36:30Z,2014-06-03T16:07:00Z
18<5<7<6<9<8<11<3<10<2<3<11<3<11<2<3<11<3<11<13<4,2014-02-28T09:15:57Z,2014-03-06T19:10:10Z
18<5<7<6<11<3<10<4,2014-11-02T15:20:22Z,2014-11-02T15:51:00Z
18<5<7<6<9<8<11<10<3<2<2<11<3<3<11<3<11<12<4,2014-09-09T10:47:54Z,2014-09-16T17:30:00Z
18<5<7<6<9<10<3<11<8<2<3<11<2<3<11<3<11<3<11<3<12<4,2014-12-14T00:28:40Z,2014-12-25T10:00:00Z
18<5<9<7<6<8<10<3<11<2<3<12<4,2015-02-22T23:17:41Z,2015-02-26T09:15:00Z
18<5<7<6<10<3<11<9<8<2<2<10<3<11<11<3<11<3<12<4,2014-06-28T16:04:05Z,2014-07-06T08:30:00Z
18<5<7<6<10<3<11<8<2<3<3<11<12<4,2014-10-06T16:16:13Z,2014-10-13T12:30:00Z
18<5<7<6<10<11<3<9<8<4,2014-02-04T14:26:22Z,2014-02-04T17:41:48Z
18<5<7<6<11<3<10<9<8<2<1<11<3<10<10<11<3<11<3<10<3<10<11<3<10<11<11<3<10<3<10<11<10<3<11<3<10<11<10<11<3<10<11<3<3<11<10<10<3<11<11<3<10<2<3<11<2<2<11<2<12<17<4,2014-06-29T12:48:22Z,2014-09-05T14:55:20Z
18<5<7<6<9<3<11<10<8<2<12<17<4,2014-10-11T20:29:02Z,2014-10-17T16:40:42Z
18<5<7<6<9<8<10<3<11<11<3<10<4,2013-12-20T21:42:14Z,2013-12-21T13:00:00Z
18<5<7<6<11<3<10<8<2<3<11<1<11<3<10<11<3<10<10<3<11<11<3<10<3<10<11<10<3<11<10<11<3<11<10<3<2<12<4,2014-08-24T16:44:24Z,2014-09-07T09:00:00Z
18<5<7<3<10<11<6<9<8<2<3<11<11<3<11<3<12<4,2014-12-05T08:39:50Z,2014-12-13T09:45:00Z
18<5<7<6<3<10<11<2<3<11<10<11<3<12<4,2014-10-07T13:32:12Z,2014-10-12T08:31:49Z
18<5<7<6<9<8<11<3<3<11<10<1<3<10<11<11<3<10<2<11<3<12<17<4,2013-12-21T11:19:23Z,2014-08-30T11:58:30Z
18<5<7<6<11<3<4,2014-03-09T12:18:07Z,2014-03-09T13:04:00Z
18<5<3<11<7<6<9<8<1<10<3<11<10<10<11<3<3<11<10<11<3<10<3<10<11<11<3<10<11<10<3<3<10<11<11<3<10<3<11<10<3<11<10<10<11<3<10<3<11<11<3<10<10<11<3<3<11<10<11<3<10<3<10<11<10<3<11<11<3<10<10<3<11<10<11<3<11<3<10<11<10<3<3<11<10<3<10<11<11<3<11<10<11<3<10<11<10<3<10<11<3<3<10<11<11<3<10<10<10<3<11<11<11<3<10<3<10<11<13<4,2014-05-27T01:53:13Z,2014-07-01T19:00:00Z
18<5<7<6<9<8<3<11<10<2<11<3<11<3<11<3<2<11<3<3<11<11<3<15<4,2014-06-02T08:13:38Z,2014-06-12T08:15:00Z
18<5<7<6<4,2014-06-10T16:34:30Z,2014-06-10T16:58:20Z
18<5<7<3<10<11<6<9<8<2<2<11<3<3<11<3<11<11<3<15<17<4,2014-02-04T16:05:22Z,2014-08-09T14:41:48Z
18<5<7<6<4,2014-04-09T09:43:42Z,2014-04-09T09:46:15Z
18<5<10<11<3<7<6<8<4,2014-06-19T09:48:14Z,2014-06-19T14:54:50Z
18<5<7<6<3<10<11<2<2<12<4,2014-07-13T11:00:23Z,2014-07-16T16:00:00Z
18<5<7<6<9<10<11<3<8<2<2<3<11<12<4,2014-11-09T11:47:42Z,2014-11-15T08:00:00Z
18<5<7<6<3<11<10<8<9<2<11<3<2<11<3<12<17<4,2014-03-16T12:22:39Z,2014-05-09T17:50:00Z
18<5<7<3<11<10<6<9<8<2<11<3<3<12<4,2014-01-04T11:36:41Z,2014-01-10T10:00:00Z
18<5<7<6<10<3<11<4,2014-11-23T15:46:30Z,2014-11-23T16:29:00Z
18<5<7<6<11<10<3<8<9<2<2<11<3<3<11<12<4,2014-04-21T13:16:39Z,2014-04-25T09:00:00Z
18<5<11<3<10<7<6<8<1<10<11<3<10<11<3<3<11<10<2<11<3<11<3<12<4,2014-04-06T19:45:42Z,2014-04-14T09:00:00Z
18<5<7<6<4,2014-07-30T08:42:26Z,2014-07-30T09:57:43Z
18<5<7<6<10<3<11<8<9<2<11<3<11<11<3<3<11<11<12<17<4,2014-02-28T12:21:10Z,2014-03-12T19:36:23Z
18<5<7<6<11<3<10<9<8<2<11<3<12<4,2014-08-21T20:25:18Z,2014-08-25T09:27:18Z
18<5<7<6<3<11<2<11<3<3<11<12<17<4,2014-01-01T15:00:59Z,2014-01-23T23:19:33Z
18<5<7<6<11<3<10<9<8<2<3<12<17<4,2014-09-10T14:08:09Z,2014-09-27T14:41:35Z
18<5<7<6<3<11<10<9<8<2<11<10<3<2<3<11<11<3<12<17<4,2014-02-25T15:54:39Z,2014-05-08T08:44:13Z
18<6<5<7<9<8<3<10<11<1<10<11<3<10<11<3<10<11<3<10<2<3<11<3<11<12<17<4,2014-08-13T09:10:23Z,2014-11-18T06:54:36Z
18<5<7<10<11<3<6<9<8<2<11<3<2<3<11<12<4,2014-03-12T14:08:34Z,2014-03-17T10:30:00Z
18<5<7<6<11<3<10<8<2<11<3<12<4,2014-11-22T16:24:12Z,2014-11-27T08:00:00Z
18<5<7<6<3<10<11<9<8<4,2014-04-03T20:14:21Z,2014-04-03T21:32:21Z
18<5<7<6<8<11<10<3<2<3<3<11<12<4,2014-10-26T11:01:08Z,2014-10-28T13:00:00Z
18<5<7<6<3<11<10<9<8<1<3<10<11<10<10<3<11<2<3<11<3<12<17<4,2014-04-12T12:53:43Z,2014-11-12T14:26:05Z
18<5<7<6<10<11<3<9<8<2<3<12<17<4,2014-09-02T06:21:21Z,2014-12-14T08:00:02Z
18<5<7<6<10<11<3<9<8<2<2<11<3<11<3<12<17<4,2013-11-11T11:48:21Z,2013-11-22T13:25:53Z
18<5<11<10<3<7<6<9<8<2<2<3<11<12<17<4,2014-11-17T15:41:16Z,2014-11-30T09:32:25Z
18<5<7<11<3<10<6<8<2<9<4,2014-10-04T20:38:43Z,2014-10-05T22:55:18Z
18<5<7<6<3<11<10<9<8<2<3<11<3<11<3<11<12<4,2014-05-03T14:07:46Z,2014-05-10T10:00:00Z
18<5<7<6<3<10<11<8<9<2<3<11<3<12<17<4,2014-04-29T08:54:06Z,2014-05-27T15:09:10Z
18<5<7<6<11<3<2<3<3<11<3<11<11<3<11<3<12<4,2014-12-12T09:37:36Z,2014-12-19T17:30:00Z
18<5<7<6<11<3<10<9<8<11<3<4,2014-11-24T20:22:56Z,2014-11-25T05:00:00Z
18<5<7<6<4,2014-04-22T07:39:36Z,2014-04-22T09:01:16Z
18<5<7<6<11<3<10<4,2014-11-03T11:01:35Z,2014-11-03T11:20:00Z
18<5<7<6<11<3<10<9<8<4,2014-09-13T01:12:19Z,2014-09-13T03:22:51Z
18<5<7<6<9<3<10<11<8<2<11<3<11<3<11<12<17<4,2015-01-17T18:51:42Z,2015-02-05T08:15:08Z
18<5<7<6<9<8<3<11<10<1<10<13<4,2014-04-27T13:01:49Z,2014-04-27T20:55:00Z
18<5<7<6<11<3<4,2013-11-28T13:27:20Z,2013-11-28T14:34:00Z
18<5<7<6<11<3<10<2<11<3<10<4,2013-11-21T17:39:52Z,2013-11-22T07:00:00Z
18<5<11<10<3<7<6<9<8<11<4,2014-06-03T12:28:01Z,2014-06-03T14:45:00Z
18<5<7<6<11<3<10<9<8<2<2<3<11<10<11<3<12<4,2014-09-22T13:53:41Z,2014-09-28T16:00:00Z
18<5<7<6<9<8<3<11<10<4,2014-12-01T14:19:31Z,2014-12-01T15:45:00Z
18<5<7<6<10<11<3<9<8<2<12<4,2014-07-05T12:30:34Z,2014-07-08T12:44:00Z
18<5<7<6<3<10<11<9<8<2<11<3<2<3<11<12<4,2014-10-04T12:42:23Z,2014-10-10T19:00:00Z
18<5<7<6<9<8<11<10<3<1<10<3<10<11<10<3<11<2<11<3<12<4,2014-05-01T13:53:56Z,2014-05-07T11:00:00Z
18<5<9<6<8<7<10<3<11<2<11<3<12<17<4,2014-10-13T09:34:02Z,2014-11-08T21:07:32Z
18<5<7<6<9<8<10<11<3<2<2<1<11<3<10<10<10<11<3<2<11<3<12<17<4,2014-08-26T23:15:11Z,2014-09-19T22:09:57Z
18<5<3<10<11<9<7<6<8<4,2013-12-13T05:44:57Z,2013-12-13T06:36:35Z
18<5<7<6<3<11<10<9<8<4,2014-03-21T14:14:58Z,2014-03-21T17:30:20Z
18<5<7<6<3<11<10<2<9<8<3<12<4,2014-05-03T20:44:44Z,2014-05-06T15:00:00Z
18<5<7<6<11<3<10<9<8<2<11<3<2<11<3<3<3<11<11<3<11<1<11<3<10<11<11<11<10<11<3<11<11<11<11<3<10<11<11<3<10<2<11<3<12<17<4,2014-03-28T20:34:09Z,2014-08-20T11:56:05Z
18<5<7<6<11<3<10<9<8<2<10<3<3<10<11<11<3<11<3<13<4,2014-03-02T19:48:23Z,2014-03-08T15:20:00Z
18<5<7<6<9<8<10<3<11<4,2014-02-16T09:01:12Z,2014-02-16T09:45:00Z
18<5<7<6<10<11<3<9<8<2<3<11<11<3<11<3<11<11<3<11<11<3<12<17<4,2014-12-25T19:04:56Z,2015-03-21T20:00:41Z
18<5<7<11<10<3<6<8<2<2<11<3<3<11<12<17<4,2014-05-07T00:37:26Z,2014-11-03T06:03:00Z
18<5<10<11<3<7<6<4,2014-05-08T10:14:59Z,2014-05-08T10:42:37Z
18<5<7<6<10<11<3<9<8<2<2<3<11<11<3<11<3<11<3<3<11<3<3<11<12<17<4,2014-04-10T16:44:36Z,2014-04-26T08:29:07Z
18<5<7<10<3<11<6<9<8<4,2014-07-27T08:07:07Z,2014-07-27T09:03:41Z
18<5<7<6<11<3<10<9<8<2<3<11<11<3<12<4,2013-11-21T15:47:34Z,2013-11-25T10:00:00Z
18<11<5<7<6<11<3<4,2014-03-08T07:00:00Z,2014-03-08T13:48:00Z
18<5<7<6<11<10<3<8<2<11<3<3<11<12<4,2014-09-30T14:17:14Z,2014-10-04T09:15:00Z
18<5<7<6<11<3<4,2014-03-06T22:29:07Z,2014-03-06T22:37:00Z
18<5<7<6<2<12<4,2014-02-26T08:26:08Z,2014-02-28T18:30:00Z
18<5<7<11<3<2<6<2<11<3<11<3<11<3<14<4,2015-01-10T23:32:15Z,2015-02-06T09:00:00Z
18<5<7<6<11<3<10<9<8<2<12<4,2014-06-17T07:46:27Z,2014-06-20T08:00:00Z
18<5<7<3<10<11<6<9<8<2<3<11<2<12<4,2014-06-26T04:41:38Z,2014-06-30T12:00:00Z
18<5<7<11<3<10<6<9<8<2<2<11<3<11<11<3<11<3<11<3<3<11<3<11<3<3<11<3<3<3<11<3<3<11<11<11<11<3<13<4,2014-12-14T10:28:39Z,2015-01-19T08:39:00Z
18<5<7<6<11<3<10<9<8<2<2<11<3<12<17<4,2015-02-14T04:11:11Z,2015-04-01T12:51:36Z
18<5<7<6<3<11<10<9<8<2<3<3<12<4,2014-10-12T18:32:12Z,2014-10-19T13:00:00Z
18<5<7<6<11<3<4,2014-06-18T20:03:49Z,2014-06-18T20:57:00Z
18<5<7<6<3<10<11<9<8<4,2014-05-10T13:47:28Z,2014-05-10T17:18:37Z
18<5<7<3<11<10<6<8<2<2<11<3<11<3<15<17<4,2014-04-28T09:46:09Z,2014-05-19T09:06:45Z
18<5<7<6<4,2013-12-15T13:17:05Z,2013-12-15T13:19:07Z
18<5<7<6<9<11<10<3<8<2<3<11<3<11<15<4,2014-12-23T18:53:47Z,2014-12-30T09:10:00Z
18<5<7<6<11<10<3<9<8<2<3<11<3<11<14<4,2014-09-01T13:31:42Z,2014-09-08T10:00:00Z
18<5<7<6<9<3<10<11<8<2<3<11<11<3<11<12<17<4,2014-10-24T08:23:20Z,2014-11-12T12:20:15Z
18<5<7<6<9<8<10<11<3<1<11<3<10<3<10<11<10<3<11<10<2<3<11<11<3<3<11<3<11<3<11<11<3<12<4,2014-05-25T18:18:33Z,2014-06-03T08:00:00Z
18<5<7<6<11<3<10<9<8<2<3<11<3<11<3<12<4,2015-01-21T16:57:22Z,2015-02-01T12:00:00Z
18<5<7<6<3<11<10<9<8<2<11<3<2<3<11<12<4,2014-08-01T15:48:47Z,2014-08-05T11:00:00Z
18<5<7<6<3<10<11<8<2<2<3<11<13<4,2014-10-11T20:29:47Z,2014-10-16T19:30:00Z
18<5<7<6<11<3<2<11<12<17<4,2014-07-13T09:56:47Z,2014-11-07T07:07:33Z
18<5<7<6<11<10<3<9<8<1<3<10<11<2<3<11<3<11<11<3<12<17<4,2014-10-08T10:06:40Z,2014-12-25T14:44:03Z
18<5<11<3<7<6<9<8<4,2014-06-22T22:04:11Z,2014-06-22T23:21:00Z
18<5<7<6<9<11<3<10<8<2<11<3<2<11<3<12<17<4,2014-08-24T13:39:41Z,2015-01-17T09:03:53Z
18<5<7<6<3<11<10<2<13<4,2014-01-16T15:31:27Z,2014-01-17T04:50:00Z
18<5<7<6<11<3<10<9<8<2<3<11<12<17<4,2014-12-02T22:32:42Z,2014-12-16T09:31:39Z
18<5<7<6<3<10<11<8<4,2014-10-08T11:34:29Z,2014-10-08T17:28:35Z
18<5<7<6<11<3<1<3<11<10<11<11<11<11<10<10<11<3<11<10<11<3<10<13<4,2015-02-10T09:20:34Z,2015-02-11T23:47:00Z
18<5<7<6<9<10<11<3<8<2<3<11<11<3<12<4,2014-04-09T06:27:13Z,2014-04-13T08:30:00Z
18<5<7<6<10<11<3<2<2<12<4,2014-11-22T01:37:20Z,2014-11-25T11:45:00Z
18<5<7<6<8<9<11<3<10<2<3<11<2<3<11<12<17<4,2014-06-22T08:47:48Z,2014-07-09T09:12:56Z
18<5<7<6<11<3<10<8<9<2<11<3<11<3<12<4,2014-02-14T11:43:08Z,2014-02-20T09:30:00Z
18<5<10<11<3<7<6<9<8<11<4,2014-05-10T00:35:56Z,2014-05-10T10:00:00Z
18<11<3<5<7<6<8<2<11<3<11<3<3<3<11<3<12<4,2015-02-26T08:00:00Z,2015-03-07T10:00:00Z
18<5<7<6<11<3<10<9<8<11<2<3<11<12<17<4,2013-11-16T08:13:30Z,2014-01-29T00:37:26Z
18<5<7<6<3<10<11<4,2014-11-15T09:56:38Z,2014-11-15T10:05:00Z
18<7<5<11<3<10<6<8<4,2014-04-22T08:14:07Z,2014-04-22T09:46:05Z
18<5<7<6<10<3<11<9<8<2<11<3<12<4,2014-01-06T15:21:55Z,2014-01-10T11:00:00Z
18<5<11<3<10<7<6<9<8<2<3<11<3<2<11<3<3<11<12<4,2014-08-21T17:51:04Z,2014-08-31T08:30:00Z
18<5<7<6<9<8<11<3<10<2<3<11<2<11<3<11<12<4,2014-01-15T17:21:38Z,2014-01-24T09:00:00Z
18<5<7<6<9<11<10<3<8<2<11<3<12<17<4,2014-06-27T12:15:01Z,2014-10-24T14:17:14Z
18<5<7<6<10<11<3<9<8<2<3<11<2<11<3<3<11<12<4,2014-12-17T19:45:37Z,2015-01-02T09:15:00Z
18<5<7<6<10<11<3<8<2<3<12<4,2014-07-07T15:08:31Z,2014-07-11T08:00:00Z
18<5<7<6<3<11<4,2014-08-27T13:20:09Z,2014-08-27T13:33:00Z
18<5<7<6<11<10<3<9<8<2<3<11<12<4,2014-11-10T15:42:41Z,2014-11-11T17:00:00Z
18<5<7<6<11<3<10<9<8<2<11<3<4,2014-05-29T17:57:27Z,2014-05-30T06:00:00Z
18<5<7<6<9<10<3<11<8<2<2<11<3<10<11<3<3<11<12<17<4,2015-02-05T23:39:42Z,2015-04-09T11:08:07Z
18<5<7<6<3<11<10<9<8<2<4,2014-11-27T19:01:45Z,2014-11-27T23:45:34Z
18<5<7<6<10<3<11<8<9<2<2<11<3<12<17<4,2014-08-12T23:58:09Z,2015-05-09T21:01:47Z
18<5<7<6<9<3<11<10<8<2<3<11<11<3<2<2<2<3<11<2<11<11<3<3<11<11<3<11<3<13<4,2014-08-27T11:24:10Z,2014-09-08T08:45:00Z
18<5<10<11<3<7<6<2<11<3<3<11<12<4,2014-09-08T13:26:08Z,2014-09-16T08:30:00Z
18<5<7<6<10<3<11<8<2<11<12<4,2014-04-07T15:14:33Z,2014-04-13T10:45:00Z
18<5<7<6<3<11<4,2014-11-30T11:38:16Z,2014-11-30T11:45:00Z
18<5<7<6<4,2014-10-07T12:52:25Z,2014-10-07T13:38:32Z
18<5<7<6<3<11<10<9<8<1<3<11<10<2<2<11<3<15<4,2014-11-24T10:11:07Z,2014-12-04T08:30:00Z
18<5<7<6<11<3<2<12<4,2014-04-22T08:21:51Z,2014-04-25T12:30:00Z
18<5<7<6<3<11<10<8<2<11<3<11<3<12<4,2014-08-04T06:19:22Z,2014-08-07T10:15:00Z
18<5<7<6<3<11<9<8<2<2<3<3<12<17<4,2014-10-30T14:57:15Z,2014-11-08T13:57:00Z
18<5<7<6<3<11<10<9<8<2<10<2<11<3<12<17<4,2014-06-25T19:48:49Z,2015-03-08T10:09:52Z
18<5<7<6<11<3<9<8<4,2014-04-07T19:23:26Z,2014-04-07T23:36:24Z
18<5<7<6<9<3<11<10<8<4,2013-12-24T16:45:59Z,2013-12-24T18:23:29Z
18<5<7<6<9<3<11<10<8<4,2014-01-06T10:18:20Z,2014-01-06T10:45:41Z
18<5<7<6<11<3<10<4,2014-09-07T13:00:07Z,2014-09-07T13:26:00Z
18<5<7<6<11<10<3<9<8<2<4,2014-06-19T17:33:32Z,2014-06-19T21:27:50Z
18<5<9<7<6<8<10<11<3<2<13<4,2014-05-09T03:50:20Z,2014-05-10T07:15:00Z
18<5<7<6<10<11<3<2<11<3<11<3<11<3<3<11<11<3<3<11<3<10<3<11<3<3<3<3<11<3<11<3<12<17<4,2014-10-14T13:29:38Z,2015-01-12T18:35:57Z
18<5<7<6<9<3<11<10<8<2<11<3<11<3<12<4,2014-06-18T17:35:37Z,2014-06-23T08:00:00Z
18<5<7<6<11<11<4,2014-09-01T22:47:44Z,2014-09-02T10:00:00Z
18<5<7<6<11<3<2<3<11<12<4,2014-04-04T14:14:41Z,2014-04-06T09:00:00Z
18<5<7<6<9<3<10<11<8<2<11<3<2<3<11<12<17<4,2014-09-20T22:37:57Z,2014-10-01T07:46:43Z
18<5<7<6<11<10<3<9<8<2<2<3<11<12<4,2015-02-03T19:26:28Z,2015-02-05T14:30:00Z
18<5<7<6<10<3<11<8<4,2014-08-09T04:12:38Z,2014-08-09T09:00:00Z
18<5<7<6<11<10<3<9<8<4,2014-06-26T15:25:46Z,2014-06-26T19:03:39Z
18<5<7<6<9<8<10<11<3<2<3<11<11<3<11<12<4,2014-08-06T12:08:20Z,2014-08-13T08:00:00Z
18<5<7<6<10<11<3<2<3<11<12<4,2014-09-24T19:27:33Z,2014-09-25T18:00:00Z
18<5<7<6<11<3<2<12<4,2013-12-02T14:31:26Z,2013-12-06T14:15:00Z
18<5<7<6<3<11<10<8<2<11<3<11<3<3<11<11<3<11<3<3<3<14<17<4,2014-05-27T07:44:26Z,2014-06-24T09:42:16Z
18<5<7<3<11<6<2<12<4,2014-04-16T13:34:56Z,2014-04-17T17:00:00Z
18<5<7<11<10<3<6<9<8<2<3<11<11<3<11<3<3<11<3<11<13<4,2014-08-25T11:59:52Z,2014-09-10T03:00:00Z
18<5<6<7<3<11<9<8<10<1<11<3<11<10<11<3<10<11<4,2015-01-16T22:13:40Z,2015-01-17T19:07:00Z
18<5<7<11<3<6<2<11<3<11<11<3<3<11<12<4,2014-05-15T17:12:10Z,2014-05-19T09:00:00Z
18<5<7<6<9<8<3<10<11<4,2014-01-01T09:21:13Z,2014-01-01T09:44:00Z
18<9<5<7<6<11<3<10<8<2<12<17<4,2014-01-26T09:30:00Z,2014-02-07T15:54:05Z
18<5<7<6<11<3<10<9<8<2<12<4,2014-05-05T14:34:45Z,2014-05-06T06:35:00Z
18<5<7<6<9<11<10<3<8<2<12<17<4,2014-08-27T18:36:23Z,2014-12-04T17:43:34Z
18<11<3<5<7<6<8<2<3<11<2<3<11<2<1<11<10<3<3<10<11<11<11<10<3<2<11<3<11<3<11<3<3<11<12<4,2014-06-16T13:02:00Z,2014-06-29T08:30:00Z
18<5<7<6<4,2014-10-14T21:06:51Z,2014-10-14T21:28:35Z
18<5<7<6<3<10<11<9<8<2<11<3<2<3<11<12<4,2014-11-15T15:48:51Z,2014-11-24T11:00:00Z
18<5<7<6<3<11<4,2014-07-24T06:49:49Z,2014-07-24T07:09:00Z
18<3<5<7<6<9<10<11<3<8<2<1<11<10<3<10<3<11<2<11<3<11<3<12<4,2014-01-12T08:34:00Z,2014-01-17T13:00:00Z
18<5<7<6<11<3<9<8<2<11<3<2<3<3<12<4,2014-08-08T10:59:25Z,2014-08-14T12:35:00Z
18<5<7<6<11<3<10<9<8<2<1<10<11<3<2<11<3<11<12<17<4,2014-01-21T11:16:14Z,2014-08-30T12:54:18Z
18<5<7<6<9<3<10<11<8<2<3<11<3<12<17<4,2014-01-17T14:17:50Z,2014-04-11T16:34:31Z
18<5<7<6<3<11<2<3<11<11<3<16<4,2014-01-15T07:43:50Z,2014-02-06T09:00:00Z
18<5<7<6<9<8<11<3<10<2<3<2<3<12<17<4,2014-05-01T08:17:37Z,2014-08-16T04:04:26Z
18<5<7<6<11<10<3<9<8<2<10<2<11<3<12<4,2014-10-07T21:13:44Z,2014-10-13T08:30:00Z
18<5<7<6<3<10<11<8<9<10<4,2014-09-13T22:01:52Z,2014-09-14T06:00:00Z
18<5<9<7<6<11<3<10<8<1<11<3<10<2<11<2<12<17<4,2014-01-27T19:51:17Z,2014-02-23T09:41:36Z
18<5<7<3<10<11<6<8<9<2<11<3<11<3<12<4,2014-10-27T09:09:46Z,2014-11-01T13:00:00Z
18<5<7<6<3<11<10<9<8<2<11<3<11<3<12<4,2014-09-01T11:45:33Z,2014-09-09T12:00:00Z
18<5<7<6<9<3<10<11<8<2<12<4,2014-10-11T18:15:50Z,2014-10-16T09:50:00Z
18<5<7<6<8<3<11<10<2<12<17<4,2013-12-07T17:57:27Z,2014-01-26T00:05:26Z
18<5<7<3<10<11<6<8<9<2<2<12<17<4,2014-12-31T00:55:56Z,2015-02-18T21:05:56Z
18<5<7<6<9<3<10<11<8<2<7<11<3<3<11<12<17<4,2014-02-25T12:03:05Z,2014-05-04T03:50:20Z
18<5<7<3<11<6<4,2014-03-09T12:13:42Z,2014-03-09T13:52:53Z
18<5<7<3<10<11<6<9<8<1<11<3<10<3<11<10<13<4,2013-11-16T03:07:53Z,2013-11-17T01:00:00Z
18<5<7<6<11<10<3<8<2<3<11<12<17<4,2014-08-12T14:49:08Z,2014-09-18T12:29:07Z
18<5<7<6<9<8<11<10<3<1<11<10<3<2<3<11<11<12<4,2014-01-30T21:51:14Z,2014-02-04T15:20:00Z
18<5<7<6<10<11<3<9<8<2<3<11<2<3<11<11<3<3<12<4,2014-04-10T21:41:04Z,2014-04-18T18:00:00Z
18<5<11<3<10<9<7<6<8<4,2014-05-20T08:26:31Z,2014-05-20T09:05:00Z
18<5<7<10<3<11<9<6<2<8<3<3<11<3<11<12<17<4,2014-08-27T10:07:52Z,2014-10-17T12:33:00Z
18<5<7<6<8<3<10<11<2<11<3<12<17<4,2014-05-25T17:02:22Z,2014-06-05T09:08:57Z
18<5<7<10<3<11<6<9<8<2<3<11<11<3<2<11<3<11<11<3<11<3<11<3<11<3<3<11<3<11<3<14<17<4,2014-02-17T10:20:51Z,2014-03-20T16:49:33Z
18<5<7<6<4,2014-01-27T16:09:40Z,2014-01-27T16:27:03Z
18<5<7<11<3<10<6<8<9<2<2<3<11<11<3<12<17<4,2014-05-02T09:31:21Z,2014-08-03T05:57:26Z
18<5<7<6<9<10<11<3<8<2<11<3<11<3<3<11<3<11<11<3<11<3<3<11<12<4,2014-11-05T15:10:19Z,2014-11-19T09:30:00Z
18<5<7<6<11<10<3<8<9<1<3<10<11<10<11<10<3<11<10<10<11<3<10<2<11<3<3<3<3<11<3<11<3<11<3<11<3<11<2<12<17<4,2013-12-23T00:38:08Z,2014-01-29T10:03:20Z
18<5<7<6<3<11<9<8<1<2<11<3<11<3<11<3<12<4,2014-03-31T09:30:49Z,2014-04-06T14:00:00Z
18<5<7<6<11<3<10<9<8<4,2014-07-13T13:09:48Z,2014-07-13T18:01:35Z
18<5<7<11<3<10<6<9<8<2<11<3<3<3<11<12<17<4,2014-09-16T03:05:55Z,2014-10-02T15:05:16Z
18<5<7<6<4,2014-06-03T12:14:49Z,2014-06-03T12:33:04Z
18<5<7<6<11<3<1<11<11<11<3<3<13<4,2014-03-12T07:45:10Z,2014-03-13T20:45:00Z
18<5<7<6<9<3<10<11<8<2<3<11<3<12<4,2014-02-05T22:30:03Z,2014-02-11T09:00:00Z
18<5<7<6<3<11<10<9<8<2<11<3<12<17<4,2013-11-30T17:07:22Z,2014-01-15T14:34:45Z
18<5<7<6<9<10<3<11<8<2<3<10<11<2<11<3<12<17<4,2014-07-31T12:13:23Z,2014-11-23T18:36:23Z
18<5<7<6<9<11<10<3<8<2<4,2014-09-02T16:49:35Z,2014-09-02T21:08:14Z
18<5<7<6<11<10<3<9<8<2<13<4,2014-08-17T07:25:13Z,2014-08-18T08:30:00Z
18<5<7<6<9<8<11<3<10<2<10<11<3<2<2<11<3<11<3<12<4,2014-08-26T12:49:17Z,2014-09-01T17:00:00Z
18<5<7<6<11<10<3<9<8<2<11<3<10<3<11<2<3<11<11<3<12<4,2014-08-18T17:29:33Z,2014-08-25T11:15:00Z
18<5<7<6<9<8<10<11<3<2<3<11<2<12<17<4,2014-05-13T16:14:11Z,2014-06-21T23:25:11Z
18<5<11<10<3<7<6<8<9<4,2015-01-23T16:20:06Z,2015-01-24T17:02:07Z
18<5<7<6<9<8<3<10<11<2<13<4,2014-10-06T20:24:16Z,2014-10-09T02:00:00Z
18<5<7<6<3<11<2<3<11<3<12<4,2014-08-09T20:23:04Z,2014-08-12T18:00:00Z
18<5<7<6<10<11<3<9<8<2<11<3<11<3<11<3<11<3<12<4,2014-08-01T19:44:05Z,2014-08-13T11:00:00Z
18<5<7<6<11<10<3<2<12<17<4,2014-09-11T07:33:19Z,2015-02-24T11:54:09Z
18<5<7<6<11<10<3<9<8<2<3<11<12<4,2014-05-08T02:31:11Z,2014-05-11T08:00:00Z
18<5<9<7<6<8<3<10<11<1<3<10<11<3<11<10<10<3<11<11<3<10<2<12<17<4,2014-01-17T09:50:43Z,2014-06-27T22:01:52Z
18<5<7<6<3<10<11<9<8<2<11<3<11<3<3<11<3<11<3<11<12<17<4,2014-10-10T17:06:34Z,2014-11-12T16:40:10Z
18<5<7<6<11<3<8<2<10<2<2<9<11<3<3<11<13<4,2014-11-09T19:47:29Z,2014-11-19T18:15:00Z
18<5<7<6<9<8<11<3<10<2<12<4,2014-05-11T19:45:46Z,2014-05-14T14:00:00Z
18<5<7<3<11<6<4,2015-01-06T07:39:52Z,2015-01-06T07:56:15Z
18<5<7<3<11<10<2<6<9<8<2<11<3<12<4,2014-07-05T14:59:31Z,2014-07-09T16:00:00Z
18<5<7<6<3<11<2<11<3<11<11<3<3<11<12<3<11<4,2014-01-26T19:10:11Z,2014-02-05T09:11:00Z
18<5<7<11<10<3<6<4,2014-02-16T01:39:13Z,2014-02-16T01:45:07Z
18<5<7<6<3<10<11<8<2<11<3<12<4,2015-01-14T17:14:21Z,2015-01-17T08:30:00Z
18<5<7<6<9<8<10<11<3<2<2<11<3<11<3<12<4,2014-03-14T07:18:19Z,2014-03-25T15:59:00Z
18<5<7<3<10<11<9<6<8<2<3<10<3<12<4,2014-09-07T01:23:50Z,2014-09-09T12:00:00Z
18<5<3<11<10<7<6<9<8<2<3<11<12<4,2014-01-09T15:24:38Z,2014-01-14T10:30:00Z
18<5<7<6<3<11<10<2<2<3<11<11<3<11<3<11<3<3<11<11<3<14<4,2015-01-29T13:34:58Z,2015-02-27T09:30:00Z
18<5<7<6<11<3<2<2<11<3<3<11<11<11<3<12<4,2014-05-29T11:16:57Z,2014-06-07T09:00:00Z
18<9<5<7<6<8<11<10<3<2<11<3<11<3<12<17<4,2014-03-02T11:00:00Z,2014-03-19T23:48:32Z
18<5<7<6<9<11<3<10<8<2<3<11<11<3<3<11<11<11<11<11<3<11<3<11<3<11<11<12<4,2014-07-23T07:34:41Z,2014-08-09T08:00:00Z
18<5<7<6<3<11<4,2014-09-07T12:28:58Z,2014-09-07T13:45:00Z
18<5<7<6<10<3<11<8<2<10<9<11<3<12<4,2014-06-11T19:00:18Z,2014-06-15T18:00:00Z
18<5<7<6<9<8<3<11<10<2<11<3<2<11<3<11<3<12<4,2014-07-17T09:53:32Z,2014-07-22T14:00:00Z
18<5<7<6<11<3<10<9<8<4,2014-07-26T13:25:25Z,2014-07-26T17:20:58Z
18<5<7<6<11<3<8<9<4,2014-01-31T22:28:40Z,2014-02-01T22:44:23Z
18<5<7<6<9<3<11<10<8<2<12<4,2014-01-15T08:52:19Z,2014-01-17T16:30:00Z
18<5<7<6<10<11<3<2<2<8<9<3<11<3<11<3<3<11<2<1<10<11<3<3<11<10<2<12<4,2014-10-27T21:24:49Z,2014-11-14T09:00:00Z
18<5<7<6<10<11<3<9<8<1<10<10<11<10<3<10<11<10<10<11<3<10<10<3<10<11<11<3<10<11<3<10<2<12<17<4,2014-02-23T10:42:49Z,2014-04-12T17:26:10Z
18<5<7<6<11<3<10<9<8<2<11<3<2<11<3<12<4,2014-06-04T11:37:32Z,2014-06-09T08:00:00Z
18<5<7<6<9<10<11<3<8<2<11<3<11<3<12<17<4,2014-03-13T18:57:13Z,2014-04-08T13:57:34Z
18<5<7<6<11<3<10<2<13<4,2014-04-02T06:03:30Z,2014-04-02T14:15:00Z
18<5<7<6<11<10<3<9<8<2<3<11<11<3<11<3<3<11<3<11<14<4,2014-04-22T22:29:35Z,2014-05-01T09:00:00Z
18<5<7<6<11<3<4,2014-08-05T15:03:03Z,2014-08-05T15:34:00Z
18<5<7<11<10<3<6<2<2<3<11<11<3<3<11<3<3<11<3<3<15<4,2014-01-04T13:45:49Z,2014-01-22T12:30:00Z
18<5<7<6<11<3<10<9<8<2<3<11<11<3<11<3<12<17<4,2014-07-23T05:48:02Z,2014-08-18T07:25:13Z
18<5<7<6<3<11<10<9<8<2<10<3<11<11<3<11<11<11<11<11<2<12<17<4,2014-07-07T18:30:35Z,2014-09-27T10:54:30Z
18<5<7<6<9<8<11<3<10<2<3<11<11<3<12<17<4,2014-11-27T18:23:59Z,2015-04-02T09:33:25Z
18<5<7<6<4,2014-10-04T16:52:39Z,2014-10-04T17:37:26Z
18<5<7<6<3<11<9<8<10<4,2014-07-03T08:42:50Z,2014-07-03T10:57:00Z
18<5<7<6<11<2<11<11<11<11<3<13<4,2014-04-29T18:38:23Z,2014-05-01T17:10:00Z
18<5<7<6<10<11<3<9<8<2<10<12<4,2014-03-23T07:19:14Z,2014-03-28T08:00:00Z
18<5<7<6<3<11<4,2015-02-19T23:01:01Z,2015-02-19T23:33:00Z
18<5<7<6<9<3<10<11<8<2<4,2014-07-20T10:27:47Z,2014-07-20T13:43:53Z
18<5<7<6<9<11<10<3<8<2<3<11<3<11<12<17<4,2014-05-08T09:58:15Z,2015-05-30T09:14:55Z
18<5<7<6<9<11<3<8<2<1<10<3<11<11<3<10<10<11<10<3<11<10<10<11<10<3<2<11<3<11<3<12<17<4,2014-02-26T14:04:17Z,2014-04-26T09:50:43Z
18<5<7<6<11<3<4,2014-08-11T07:46:45Z,2014-08-11T08:31:00Z
18<5<7<6<3<10<11<9<8<2<10<11<3<2<11<3<3<11<11<3<3<11<3<3<3<11<3<11<3<3<15<17<4,2014-08-01T13:56:11Z,2014-09-24T13:11:02Z
18<11<3<5<7<6<3<10<11<9<8<2<11<3<2<3<11<11<11<3<11<3<3<11<3<11<11<3<11<3<12<4,2014-06-22T08:53:00Z,2014-07-04T12:30:00Z
18<5<7<6<9<8<11<3<10<2<3<11<2<3<11<11<3<11<3<12<4,2014-05-23T18:22:19Z,2014-05-30T08:20:00Z
18<5<7<6<4,2014-09-07T15:23:45Z,2014-09-07T15:43:03Z
18<5<7<6<3<11<10<9<8<1<10<11<10<3<10<3<10<11<10<11<3<2<11<3<2<3<11<3<3<12<4,2014-11-02T15:15:46Z,2014-11-12T09:00:00Z
18<5<7<10<11<3<6<9<8<4,2014-02-04T07:59:25Z,2014-02-04T11:31:20Z
18<5<7<6<11<3<10<9<8<4,2013-12-09T15:46:01Z,2013-12-09T18:25:23Z
18<5<7<6<10<3<11<8<2<11<3<2<3<11<3<12<4,2015-02-07T12:18:16Z,2015-02-13T19:00:00Z
18<5<7<6<4,2014-12-14T21:41:23Z,2014-12-14T21:50:30Z
18<5<7<6<11<3<4,2014-08-15T10:26:01Z,2014-08-15T10:44:00Z
18<5<7<6<10<3<11<8<2<9<3<11<3<11<12<4,2015-01-16T21:24:35Z,2015-01-20T11:38:00Z
18<5<3<11<10<7<6<9<8<2<3<11<3<12<4,2014-08-30T15:57:10Z,2014-09-03T07:00:00Z
18<5<7<6<11<10<3<9<8<2<11<11<3<3<3<12<17<4,2014-10-16T17:48:50Z,2014-12-18T22:42:59Z
18<5<7<6<9<8<11<10<3<4,2014-09-22T07:51:14Z,2014-09-22T08:16:00Z
18<5<7<6<11<3<10<2<11<3<2<3<11<11<3<11<3<12<17<4,2014-06-24T17:58:16Z,2014-10-25T13:51:44Z
18<5<7<6<3<10<11<9<8<2<2<3<3<11<11<3<2<12<4,2014-09-15T12:04:09Z,2014-09-24T09:00:00Z
18<5<11<10<3<7<6<8<4,2014-03-20T12:42:34Z,2014-03-20T13:07:16Z
18<5<9<7<11<3<10<6<8<2<3<11<11<3<2<12<4,2013-11-12T17:52:04Z,2013-11-20T10:00:00Z
18<5<7<9<11<3<11<10<6<8<4,2014-09-25T08:28:26Z,2014-09-25T09:38:51Z
18<3<11<5<7<6<10<11<3<9<8<2<3<11<12<4,2014-06-08T10:06:00Z,2014-06-12T12:00:00Z
18<5<7<6<11<3<4,2014-06-29T11:28:45Z,2014-06-29T11:53:00Z
18<5<7<6<10<11<3<2<4,2015-02-19T17:15:45Z,2015-02-19T19:15:43Z
18<5<7<6<10<3<11<9<8<2<2<12<4,2014-05-16T08:01:26Z,2014-05-18T17:00:00Z
18<5<7<6<10<11<3<2<2<3<11<12<17<4,2013-11-27T19:32:23Z,2014-03-25T13:28:59Z
18<5<7<6<11<3<10<9<8<2<3<11<2<11<3<14<4,2014-04-03T14:25:22Z,2014-04-11T07:30:00Z
18<5<7<6<11<10<3<9<8<2<11<3<2<3<11<12<4,2014-02-01T18:10:09Z,2014-02-06T13:30:00Z
18<5<11<3<10<7<6<8<9<2<11<3<12<4,2014-08-03T00:34:33Z,2014-08-06T08:00:00Z
18<5<7<6<11<2<12<4,2014-05-07T08:51:00Z,2014-05-10T14:00:00Z
18<5<7<6<10<11<3<9<8<2<3<11<11<3<12<17<4,2014-04-09T16:57:47Z,2014-06-26T22:00:47Z
18<11<5<7<6<9<11<3<10<8<2<11<3<12<17<4,2014-11-17T05:31:00Z,2015-06-04T05:43:36Z
18<5<7<6<3<10<11<9<8<4,2013-12-21T12:41:21Z,2013-12-21T13:04:03Z
18<5<11<3<10<7<6<9<8<2<4,2014-10-16T13:12:24Z,2014-10-16T18:26:00Z
18<5<7<6<3<10<11<9<8<2<11<3<13<4,2014-01-23T15:31:51Z,2014-01-29T19:15:00Z
18<5<7<6<9<11<10<3<8<1<10<3<11<10<10<3<11<2<11<3<12<17<4,2014-10-28T19:44:26Z,2015-01-19T07:55:06Z
18<5<7<6<3<10<11<9<8<2<3<11<2<12<4,2014-10-09T17:00:29Z,2014-10-15T08:30:00Z
18<5<7<6<9<8<3<11<10<1<3<10<11<10<3<11<2<3<11<12<17<4,2014-02-05T13:09:05Z,2015-04-03T08:55:52Z
18<5<7<6<11<3<10<8<2<2<3<11<12<17<4,2015-02-15T16:07:29Z,2015-05-05T14:12:17Z
18<5<7<11<3<6<4,2014-05-20T11:53:55Z,2014-05-20T12:28:56Z
18<5<7<6<10<11<3<8<9<2<3<11<3<12<4,2014-12-15T07:31:52Z,2014-12-19T11:00:00Z
18<5<7<6<10<3<11<9<8<2<3<11<3<11<12<17<4,2014-05-14T21:42:35Z,2014-11-18T14:09:22Z
18<5<11<10<3<7<6<8<2<2<9<12<4,2015-01-05T21:09:57Z,2015-01-08T09:00:00Z
18<5<7<6<9<11<3<10<8<2<11<3<12<17<4,2014-09-08T16:10:39Z,2014-10-12T09:09:57Z
18<5<7<6<10<3<11<9<8<1<11<3<10<10<3<11<3<10<11<12<4,2014-11-11T18:48:42Z,2014-11-15T12:00:00Z
18<5<7<6<10<3<11<9<8<4,2014-09-10T14:42:37Z,2014-09-10T17:37:30Z
18<5<7<6<11<3<10<9<8<2<2<11<3<12<4,2014-05-26T19:12:31Z,2014-05-30T08:00:00Z
18<5<7<6<11<3<10<8<9<2<2<11<3<11<3<11<12<4,2014-10-31T09:54:45Z,2014-11-11T08:45:00Z
18<5<7<6<10<11<3<2<3<11<3<11<3<11<3<12<17<4,2013-11-24T13:56:22Z,2013-12-11T14:35:26Z
18<5<7<10<11<3<6<9<8<4,2014-02-21T10:29:36Z,2014-02-21T12:28:26Z
18<5<7<6<11<3<4,2014-07-11T18:51:00Z,2014-07-11T19:21:00Z
18<5<7<6<11<3<4,2014-02-01T16:00:00Z,2014-02-01T16:21:00Z
18<5<7<6<9<8<10<3<11<2<2<11<3<3<3<11<3<12<17<4,2014-09-29T22:48:57Z,2014-11-13T15:24:22Z
18<5<7<6<11<3<10<8<9<1<3<11<10<11<10<10<3<11<11<3<10<11<10<3<10<11<3<2<11<3<11<11<3<11<3<11<12<4,2013-11-17T00:36:12Z,2013-12-13T13:00:00Z
18<5<7<6<10<3<11<9<8<2<2<3<11<12<4,2014-03-22T20:41:37Z,2014-03-28T09:00:00Z
18<5<7<6<4,2014-10-21T14:36:58Z,2014-10-21T14:54:55Z
18<5<7<10<3<11<6<9<8<2<11<3<3<11<2<11<3<2<11<3<12<4,2014-10-29T12:04:12Z,2014-11-13T09:30:00Z
18<5<7<6<11<3<10<9<8<2<11<2<3<11<15<4,2014-12-26T21:53:09Z,2015-01-03T14:59:01Z
18<5<7<6<11<3<10<9<8<2<11<3<3<11<12<4,2014-05-30T03:09:54Z,2014-06-02T17:00:00Z
18<5<7<6<9<8<11<3<10<4,2014-01-07T10:14:54Z,2014-01-07T11:11:00Z
18<5<7<6<11<3<9<8<2<3<11<3<11<3<11<12<4,2014-08-07T12:53:07Z,2014-08-11T10:00:00Z
18<5<7<6<4,2014-06-20T16:19:57Z,2014-06-20T16:28:18Z
18<5<7<6<10<11<3<8<9<2<1<10<3<11<3<11<10<3<11<10<2<3<11<3<11<3<11<12<17<4,2014-07-01T11:06:37Z,2015-04-06T18:41:35Z
18<5<7<6<9<3<11<10<8<2<3<11<11<11<3<10<10<11<3<3<11<12<17<4,2014-02-23T15:48:37Z,2014-03-11T13:57:26Z
18<5<7<10<3<11<6<9<8<2<2<3<11<11<3<13<4,2014-01-09T12:37:53Z,2014-01-12T12:00:00Z
18<5<7<6<3<11<10<9<8<2<3<11<15<4,2014-04-11T11:50:54Z,2014-04-17T09:00:00Z
18<7<5<6<9<8<11<3<10<2<2<3<11<3<11<14<17<4,2013-12-07T13:11:35Z,2014-03-27T14:25:22Z
18<5<7<6<9<8<11<3<10<2<2<3<11<3<11<11<12<4,2013-11-23T08:15:19Z,2013-11-28T13:00:00Z
18<5<7<6<11<3<10<9<8<2<11<3<2<11<3<2<12<4,2014-03-30T16:14:53Z,2014-04-15T08:00:00Z
18<5<7<6<10<11<3<9<8<2<11<3<3<11<12<4,2014-01-05T02:50:12Z,2014-01-09T09:00:00Z
18<5<7<6<3<11<4,2014-10-23T13:33:17Z,2014-10-23T14:41:00Z
18<7<5<6<3<11<10<9<8<2<11<3<2<12<17<4,2014-09-05T03:38:03Z,2014-11-02T17:51:44Z
18<5<7<6<3<11<4,2014-01-29T15:19:33Z,2014-01-29T15:35:00Z
18<5<7<10<11<3<6<8<9<2<2<3<11<11<3<3<11<12<4,2014-09-12T21:10:39Z,2014-09-21T11:30:00Z
18<5<7<6<11<11<3<4,2014-06-07T13:53:30Z,2014-06-07T18:10:00Z
18<5<7<6<9<10<11<3<8<2<3<12<4,2014-11-11T15:52:36Z,2014-11-15T10:00:00Z
18<5<7<6<3<2<2<12<17<4,2014-09-28T14:35:41Z,2014-10-11T14:13:13Z
18<5<9<7<6<10<11<3<8<2<3<11<12<4,2014-08-09T14:06:47Z,2014-08-13T17:00:00Z
18<5<7<6<3<11<4,2014-11-01T13:32:49Z,2014-11-01T14:22:00Z
18<5<7<6<3<10<11<2<2<3<3<3<12<4,2015-02-09T17:38:57Z,2015-02-14T11:15:00Z
18<9<5<7<6<10<3<11<8<2<2<12<17<4,2014-04-28T09:20:41Z,2014-05-08T17:20:37Z
18<5<7<6<9<8<3<10<11<1<11<3<10<10<3<11<2<3<3<11<12<4,2014-04-24T08:02:14Z,2014-04-28T13:00:00Z
18<5<7<6<4,2014-11-11T14:26:44Z,2014-11-11T16:12:29Z
18<9<5<7<6<10<11<3<8<1<11<3<10<3<10<11<2<11<3<11<3<11<3<11<3<3<11<11<3<11<3<12<4,2014-08-21T05:26:45Z,2014-09-02T11:00:00Z
18<5<7<3<10<11<6<1<10<11<3<10<11<3<10<2<12<17<4,2014-04-21T10:35:46Z,2014-09-30T19:59:52Z
18<5<7<6<3<11<9<8<4,2013-11-09T11:04:54Z,2013-11-09T14:04:41Z
18<5<7<6<11<10<3<8<9<2<3<11<3<2<11<11<3<2<3<11<12<17<4,2013-12-27T17:20:00Z,2014-02-14T19:12:31Z
18<5<7<6<9<8<11<10<3<2<11<3<12<17<4,2014-10-25T21:18:17Z,2014-12-04T10:23:05Z
18<5<7<6<3<11<10<9<8<2<11<3<3<11<12<4,2014-12-24T05:12:18Z,2014-12-29T17:00:00Z
18<5<7<6<11<3<10<9<8<2<3<1<3<11<10<10<11<3<11<10<3<3<11<10<10<3<11<2<11<3<2<11<3<3<11<15<17<4,2014-08-14T16:17:48Z,2014-11-30T23:19:04Z
18<5<7<6<3<11<4,2014-04-01T09:50:17Z,2014-04-01T10:01:00Z
18<5<7<6<8<9<11<3<10<2<11<3<12<4,2014-06-29T17:32:05Z,2014-07-03T12:00:00Z
18<5<7<6<3<11<2<3<12<17<4,2014-12-01T09:06:49Z,2015-03-30T11:32:16Z
18<5<7<11<3<6<4,2014-12-06T13:23:28Z,2014-12-06T13:48:03Z
18<9<5<7<6<3<10<11<8<2<3<3<11<3<11<3<11<3<14<4,2014-06-21T14:23:11Z,2014-07-05T08:30:00Z
18<11<3<5<7<6<8<2<12<4,2014-10-07T08:20:00Z,2014-10-12T12:00:00Z
18<5<7<6<9<11<3<10<8<2<1<10<11<3<10<3<11<2<13<4,2015-02-18T22:34:04Z,2015-02-21T06:50:00Z
18<3<11<5<7<6<2<3<3<12<4,2014-06-16T09:46:00Z,2014-06-23T12:00:00Z
18<5<7<6<3<11<2<3<11<2<11<3<3<12<17<4,2014-01-04T10:47:14Z,2014-02-23T10:33:00Z
18<5<7<6<9<3<10<11<8<2<11<3<11<3<11<12<17<4,2014-11-26T20:18:25Z,2014-12-12T10:13:48Z
18<5<7<6<11<3<4,2014-04-17T13:29:26Z,2014-04-17T14:46:00Z
18<5<7<6<11<10<3<9<8<2<11<3<3<11<11<11<3<11<3<11<11<3<15<17<4,2014-06-13T08:02:28Z,2014-12-12T12:48:23Z
18<9<5<7<6<11<3<10<8<2<11<3<10<3<11<3<11<12<17<4,2014-10-14T09:10:02Z,2015-01-19T12:28:01Z
18<5<7<6<11<3<10<9<8<1<11<3<10<2<11<3<12<4,2014-08-01T11:27:23Z,2014-08-05T12:00:00Z
18<5<7<6<10<11<3<9<8<2<11<3<12<17<4,2014-10-23T21:51:07Z,2014-12-02T10:45:37Z
18<3<10<11<5<7<6<9<8<2<11<3<3<11<3<11<11<3<14<4,2014-08-28T15:41:00Z,2014-09-05T09:15:00Z
18<5<7<6<11<3<10<4,2015-01-23T11:57:03Z,2015-01-23T12:27:00Z
18<5<7<3<10<11<6<9<8<2<11<3<11<11<3<11<2<12<17<4,2014-08-11T01:46:56Z,2014-08-26T13:58:28Z
18<5<7<6<10<11<3<9<8<2<10<2<10<11<3<10<3<12<4,2014-10-01T18:31:26Z,2014-10-12T12:10:00Z
18<5<7<6<10<3<11<9<8<2<3<11<3<11<12<4,2014-02-07T11:08:34Z,2014-02-11T06:30:00Z
18<5<7<6<9<11<3<10<8<1<3<10<11<1<2<3<11<12<17<4,2014-04-17T11:42:21Z,2014-04-27T06:49:23Z
18<5<7<6<11<10<3<8<9<4,2014-05-10T20:41:42Z,2014-05-11T21:25:21Z
18<5<7<6<4,2014-09-13T20:32:57Z,2014-09-13T21:06:50Z
18<5<7<6<3<11<10<9<8<2<3<11<10<11<3<11<3<11<3<3<11<3<11<14<17<4,2014-09-15T17:19:43Z,2014-11-17T16:07:00Z
18<5<7<11<3<10<6<11<3<10<2<3<12<17<4,2014-10-04T01:41:22Z,2015-05-09T08:52:02Z
18<5<7<6<4,2014-04-12T13:18:52Z,2014-04-12T13:28:16Z
18<5<6<9<8<7<11<10<3<2<2<11<3<12<4,2014-04-12T09:08:02Z,2014-04-16T13:30:00Z
18<5<7<6<11<10<3<9<8<2<10<13<4,2014-10-21T09:34:38Z,2014-10-22T22:30:00Z
18<5<7<6<11<10<3<2<2<1<10<11<3<11<10<9<8<11<3<10<10<11<3<2<11<11<12<17<4,2014-04-28T19:27:56Z,2014-06-26T16:10:41Z
18<5<7<6<9<8<10<11<3<4,2014-02-23T14:42:28Z,2014-02-23T15:03:00Z
18<5<7<6<10<11<3<9<8<2<2<3<11<3<1<10<3<11<10<2<2<3<11<3<11<3<11<3<11<3<11<3<11<3<12<17<4,2014-09-16T04:17:55Z,2014-10-07T13:51:11Z
18<5<9<7<6<8<3<10<11<2<12<4,2014-08-20T11:28:09Z,2014-08-25T12:30:00Z
18<5<7<6<10<11<3<4,2015-01-11T14:42:30Z,2015-01-11T15:25:00Z
18<5<7<6<9<8<11<10<3<4,2014-04-03T09:27:25Z,2014-04-03T09:48:00Z
18<5<7<6<11<3<10<9<8<2<3<11<12<4,2014-10-30T22:44:52Z,2014-11-02T16:00:00Z
18<5<7<6<9<11<3<10<8<2<2<3<12<4,2015-01-09T17:27:18Z,2015-01-13T08:30:00Z
18<5<7<6<11<3<2<1<11<3<10<3<10<11<11<3<10<2<12<17<4,2013-12-02T17:27:53Z,2014-06-29T06:38:32Z
18<5<7<6<10<11<3<9<8<4,2014-03-03T22:30:42Z,2014-03-04T01:00:00Z
18<5<3<11<10<7<6<9<8<2<3<11<11<3<12<17<4,2014-03-12T02:02:41Z,2014-04-26T10:45:31Z
18<5<7<6<3<11<10<8<9<2<3<11<3<11<3<11<3<11<2<11<3<11<12<4,2014-03-17T11:51:43Z,2014-03-28T08:30:00Z
18<5<7<11<3<10<6<9<8<1<11<3<10<4,2014-05-16T20:25:01Z,2014-05-17T05:00:00Z
18<5<7<3<11<10<6<9<8<2<1<3<10<11<10<11<3<10<1<10<3<11<10<11<3<11<3<10<2<3<11<3<11<3<11<2<3<11<12<17<4,2013-12-29T11:28:10Z,2014-01-21T20:02:44Z
18<5<7<6<3<11<4,2014-05-24T16:37:14Z,2014-05-24T17:05:00Z
18<5<7<6<10<11<3<9<8<2<11<11<12<17<4,2013-11-07T07:18:29Z,2013-12-11T10:02:20Z
18<5<7<6<10<11<3<9<8<2<3<11<11<3<11<3<3<11<11<3<12<4,2013-12-25T17:45:10Z,2014-01-07T09:00:00Z
18<5<7<6<11<10<3<4,2014-05-15T08:41:55Z,2014-05-15T09:16:00Z
18<5<7<6<9<3<11<10<8<2<11<3<12<17<4,2014-05-25T13:41:21Z,2014-11-10T22:34:04Z
18<5<7<6<3<10<11<9<8<2<11<11<3<12<17<4,2014-11-23T10:00:05Z,2015-02-01T08:45:17Z
18<5<7<6<11<10<3<9<8<4,2015-01-03T10:53:29Z,2015-01-03T13:47:21Z
18<5<7<6<3<10<11<9<8<2<2<3<11<3<11<3<11<12<17<4,2014-10-21T16:28:08Z,2014-11-13T20:18:25Z
18<5<7<6<4,2014-05-17T22:13:33Z,2014-05-17T22:26:56Z
18<5<11<3<10<7<6<9<8<2<2<3<11<3<11<12<17<4,2014-01-13T23:18:41Z,2014-01-18T09:58:31Z
18<5<7<6<8<10<11<3<2<13<4,2014-10-05T15:02:37Z,2014-10-07T04:30:00Z
18<5<7<6<10<11<3<9<8<2<11<2<11<12<4,2014-03-29T15:34:08Z,2014-04-01T09:00:00Z
18<5<7<6<11<3<10<9<8<2<2<11<3<12<17<4,2014-12-29T14:18:06Z,2015-03-15T14:40:57Z
18<5<3<11<7<6<8<4,2014-12-28T14:29:32Z,2014-12-28T16:45:03Z
18<5<7<6<9<10<11<3<8<2<11<3<11<3<3<11<11<3<11<3<14<17<4,2014-08-30T09:59:23Z,2015-01-15T11:57:03Z
18<5<7<3<11<10<6<9<8<2<11<3<11<3<11<3<11<12<17<4,2014-07-08T21:19:10Z,2014-07-18T20:42:25Z
18<5<7<6<10<11<3<8<9<4,2014-05-10T08:04:12Z,2014-05-10T10:00:54Z
18<5<7<11<10<3<6<9<8<4,2014-04-16T10:23:42Z,2014-04-16T13:45:09Z
18<5<7<6<3<10<11<9<8<2<3<11<11<3<11<3<12<4,2014-05-02T17:51:52Z,2014-05-09T11:08:49Z
18<3<11<5<7<6<10<3<11<9<8<2<13<4,2014-05-20T08:00:00Z,2014-05-20T13:00:00Z
18<5<7<6<3<10<11<8<2<9<11<3<12<17<4,2014-02-16T21:19:34Z,2014-08-09T21:17:48Z
18<9<5<7<6<10<11<3<8<2<11<3<10<3<10<11<13<4,2014-09-24T05:30:00Z,2014-10-02T01:00:00Z
18<5<7<6<8<3<10<11<9<4,2015-02-25T09:06:20Z,2015-02-25T10:00:19Z
18<5<7<6<11<3<10<4,2014-07-10T10:33:44Z,2014-07-10T10:54:00Z
18<5<7<6<11<3<10<9<8<2<11<3<12<4,2014-04-13T08:27:43Z,2014-04-15T09:30:00Z
18<5<7<6<3<10<11<8<9<2<2<3<11<11<3<12<4,2014-11-09T19:21:38Z,2014-11-13T19:00:00Z
18<5<7<6<3<11<10<9<8<2<11<3<11<3<12<4,2014-05-19T16:49:59Z,2014-05-26T09:00:00Z
18<3<11<5<7<11<3<6<9<8<4,2014-07-16T09:47:00Z,2014-07-16T20:45:51Z
18<5<7<6<3<11<10<8<9<2<11<3<4,2014-03-01T17:35:34Z,2014-03-02T06:00:00Z
18<5<7<6<10<11<3<9<8<4,2014-05-07T10:46:40Z,2014-05-07T12:21:48Z
18<5<7<6<9<8<11<10<3<2<11<3<12<17<4,2014-04-06T17:43:20Z,2014-06-22T12:04:18Z
18<5<7<6<10<11<3<9<8<2<2<11<3<12<4,2014-08-25T12:06:46Z,2014-08-29T12:00:00Z
18<5<7<6<10<11<3<9<8<2<12<4,2013-11-24T12:43:50Z,2013-11-29T12:00:00Z
18<5<7<6<9<11<10<3<8<2<1<3<10<11<10<11<3<2<3<11<3<10<11<3<10<3<11<11<3<12<4,2014-07-08T16:15:07Z,2014-07-21T07:50:00Z
18<5<7<6<9<8<11<10<3<2<11<3<12<4,2015-01-14T14:36:47Z,2015-01-17T09:20:00Z
18<5<7<6<9<8<10<11<3<2<2<11<3<11<11<11<11<11<3<11<11<11<3<11<3<11<11<3<11<15<4,2014-03-16T23:57:07Z,2014-04-13T11:00:00Z
18<5<7<6<11<3<10<9<8<2<11<3<2<12<17<4,2014-05-25T15:28:21Z,2014-06-16T02:34:03Z
18<5<7<6<3<11<2<12<4,2014-03-20T22:25:38Z,2014-03-25T09:00:00Z
18<5<7<10<3<11<6<9<8<2<11<3<3<11<11<3<12<4,2014-12-22T08:22:47Z,2014-12-28T09:02:16Z
18<5<7<6<10<11<3<9<8<2<3<11<11<3<12<4,2014-05-01T16:40:48Z,2014-05-08T13:50:00Z
18<5<7<6<3<11<10<8<9<2<10<3<11<1<11<3<10<2<3<11<11<3<11<3<11<3<11<3<11<3<11<3<11<3<11<3<3<11<11<3<3<11<11<3<3<11<3<11<2<11<3<12<17<4,2013-12-11T22:32:45Z,2014-01-12T01:10:25Z
18<5<7<6<3<11<2<11<3<2<11<3<12<4,2014-10-12T22:04:17Z,2014-10-21T08:00:00Z
18<5<10<11<3<9<7<6<8<2<3<11<12<4,2014-03-20T02:06:58Z,2014-03-30T16:00:00Z
18<5<7<6<10<3<11<9<8<2<3<11<11<3<3<11<12<17<4,2014-04-17T18:00:20Z,2014-04-29T02:51:22Z
18<5<7<6<10<11<3<9<8<1<11<10<3<2<11<3<11<3<11<3<11<3<11<11<11<11<11<11<11<11<11<3<11<11<11<11<11<11<11<3<11<11<3<12<4,2014-08-11T12:54:03Z,2014-08-30T12:45:00Z
18<5<7<10<3<11<6<9<8<2<11<3<10<3<11<11<3<12<17<4,2014-01-21T13:14:20Z,2014-02-03T10:34:33Z
18<5<7<6<3<11<1<3<11<10<11<10<3<10<3<11<11<3<10<3<11<10<11<3<10<11<3<10<11<3<10<10<3<11<2<11<3<10<11<11<3<10<3<11<3<2<3<11<3<11<3<11<11<3<11<3<3<11<11<3<12<17<4,2014-03-31T09:31:22Z,2014-08-17T11:51:18Z
18<5<9<7<6<10<11<3<8<2<11<3<12<17<4,2014-05-08T10:34:25Z,2015-01-17T16:28:08Z
18<5<7<6<11<3<2<11<3<12<17<4,2014-09-01T20:26:13Z,2014-09-26T20:09:59Z
18<3<11<5<11<3<7<6<4,2014-04-13T06:40:00Z,2014-04-13T19:32:33Z
18<5<7<6<11<3<10<9<8<2<2<3<11<10<11<11<3<3<11<11<3<11<3<3<11<11<3<12<4,2014-05-26T09:54:55Z,2014-06-09T15:00:00Z
18<5<7<6<3<11<10<9<8<2<3<11<11<3<2<2<11<3<11<3<11<11<3<3<11<11<3<11<11<3<13<4,2013-11-18T13:18:15Z,2013-12-03T04:30:00Z
18<5<7<6<11<10<3<9<8<2<3<11<12<4,2014-11-16T19:24:28Z,2014-11-18T13:00:00Z
18<5<7<6<9<8<10<11<3<2<10<11<3<3<11<11<3<12<4,2014-05-25T12:20:50Z,2014-06-01T14:00:00Z
18<5<7<6<3<11<10<9<8<1<10<10<3<11<2<11<3<11<3<11<3<11<12<17<4,2014-03-15T09:10:06Z,2014-07-08T22:52:05Z
18<5<7<10<3<11<9<6<8<2<2<3<11<3<11<3<12<17<4,2014-02-13T22:34:19Z,2014-03-05T23:27:16Z
18<5<7<6<4,2014-02-05T06:49:49Z,2014-02-05T06:58:54Z
18<5<7<6<9<8<11<10<3<2<11<3<3<11<3<11<3<11<3<11<12<17<4,2014-07-19T16:43:56Z,2014-10-13T18:29:46Z
18<5<7<6<11<3<2<3<11<3<12<4,2014-10-31T09:10:03Z,2014-11-10T09:00:00Z
18<5<7<6<9<8<3<11<10<2<1<10<11<3<10<11<3<10<10<11<3<10<11<3<10<11<3<10<11<3<11<3<10<10<11<3<11<3<10<11<3<10<10<11<3<3<10<11<11<3<10<3<11<10<3<10<11<11<3<10<11<3<10<10<11<3<3<10<11<11<3<10<11<3<10<3<10<11<11<10<3<10<2<2<12<4,2014-04-29T17:24:22Z,2014-05-29T11:15:00Z
18<5<7<6<11<3<10<9<8<2<10<2<2<2<3<11<3<11<3<11<2<12<4,2014-11-03T20:59:04Z,2014-11-13T19:00:00Z
18<5<9<7<11<3<10<6<8<2<2<11<3<3<12<17<4,2014-04-11T06:08:23Z,2014-08-25T06:53:01Z
18<5<7<6<11<10<3<1<2<2<12<4,2014-04-03T06:49:53Z,2014-04-07T08:00:00Z
18<5<7<6<3<10<11<9<8<4,2014-05-24T09:32:26Z,2014-05-24T10:40:56Z
18<5<7<6<3<10<11<9<8<2<2<3<11<3<3<12<4,2014-12-26T08:17:46Z,2015-01-01T15:15:00Z
18<5<7<6<11<10<3<8<2<9<11<3<11<3<11<12<17<4,2014-04-26T18:35:33Z,2015-01-03T11:34:52Z
18<5<7<10<11<3<6<9<8<2<3<12<4,2014-10-30T15:29:10Z,2014-11-02T09:30:00Z
18<5<10<3<11<7<6<10<10<9<8<4,2014-07-14T16:34:00Z,2014-07-14T22:56:24Z
18<5<7<6<9<3<11<10<8<10<4,2015-02-05T13:33:02Z,2015-02-05T19:34:00Z
18<5<7<6<3<11<2<12<4,2014-04-07T08:15:33Z,2014-04-12T09:00:00Z
18<5<7<6<9<10<11<3<8<1<3<11<10<10<11<2<3<12<17<4,2014-09-10T17:02:55Z,2014-11-24T09:12:02Z
18<5<7<6<11<10<3<9<8<2<11<11<3<11<11<3<13<4,2014-07-02T12:35:50Z,2014-07-12T16:15:00Z
18<5<7<6<9<8<3<11<10<1<10<3<11<3<11<10<2<12<17<4,2014-07-20T22:57:24Z,2014-08-17T14:28:24Z
18<5<7<6<9<8<11<3<10<10<2<2<3<11<12<4,2014-06-05T19:14:36Z,2014-06-09T08:00:00Z
18<5<7<6<11<3<10<9<8<2<11<3<12<17<4,2014-01-18T14:42:16Z,2014-08-13T08:11:46Z
18<5<7<6<3<10<11<8<2<9<13<4,2014-10-14T21:18:15Z,2014-10-16T15:00:00Z
18<5<7<6<11<3<10<9<8<2<3<11<11<3<11<3<11<3<11<3<11<3<11<3<3<11<11<3<12<17<4,2015-01-29T18:28:36Z,2015-03-23T09:59:34Z
18<5<7<6<11<3<10<9<8<2<3<2<3<12<4,2014-07-27T15:26:54Z,2014-08-05T12:00:00Z
18<5<7<6<9<8<1<3<11<10<3<11<10<3<10<11<11<3<10<11<3<10<2<11<3<12<17<4,2014-09-05T17:27:33Z,2014-10-26T15:12:03Z
18<5<7<6<9<8<3<11<10<2<11<11<11<3<2<11<3<3<12<4,2014-10-15T20:24:54Z,2014-10-22T09:15:00Z
18<5<7<6<3<11<10<9<8<4,2014-05-08T15:53:22Z,2014-05-08T18:46:30Z
18<5<7<6<9<8<10<11<3<2<11<3<2<3<11<3<12<4,2014-10-13T18:24:46Z,2014-10-22T08:00:00Z
18<5<7<6<11<3<10<9<8<2<11<11<3<3<11<3<11<11<3<11<3<11<3<12<4,2014-09-24T14:38:28Z,2014-10-12T10:15:00Z
18<5<7<6<9<11<3<8<2<3<11<12<4,2014-11-30T12:57:54Z,2014-12-02T14:30:00Z
18<5<9<7<6<8<11<10<3<2<11<10<3<11<3<12<17<4,2014-03-15T14:33:42Z,2014-06-13T13:09:24Z
18<5<7<6<9<8<11<10<3<2<11<3<12<17<4,2014-10-15T08:14:51Z,2014-11-20T13:57:24Z
18<5<7<6<10<3<11<9<8<2<12<17<4,2013-12-15T19:30:43Z,2014-08-30T14:04:43Z
18<5<7<6<10<3<11<9<8<2<3<11<3<2<3<11<3<3<11<11<11<3<3<11<3<3<11<11<12<4,2014-04-08T15:50:18Z,2014-04-23T10:00:00Z
18<9<5<7<6<11<10<3<8<10<1<10<3<10<11<10<11<3<11<10<10<3<11<11<10<3<11<3<10<11<3<10<11<3<10<2<11<3<11<3<3<11<3<11<11<3<11<3<11<3<11<3<3<11<11<3<11<11<3<11<3<1<10<11<3<11<13<4,2014-10-19T08:45:58Z,2014-12-03T14:00:00Z
18<5<7<6<11<3<4,2014-04-08T11:41:15Z,2014-04-08T12:07:00Z
18<5<7<6<9<8<3<10<11<2<3<11<12<4,2014-02-03T22:01:08Z,2014-02-11T11:00:00Z
18<5<9<6<8<7<10<11<3<2<11<3<12<4,2014-02-13T14:01:53Z,2014-02-16T12:45:00Z
18<5<7<6<11<10<3<9<8<2<11<3<3<3<11<11<3<12<17<3<10<11<4,2014-10-07T09:30:53Z,2014-10-16T20:56:00Z
18<5<7<6<11<3<10<9<8<2<11<3<3<12<4,2013-11-26T10:11:34Z,2013-11-30T14:00:00Z
18<5<7<6<11<3<10<9<10<11<3<8<2<12<17<4,2013-11-14T10:58:51Z,2014-12-18T09:08:54Z
18<5<7<6<3<11<10<9<8<2<11<3<11<15<4,2015-01-07T11:47:40Z,2015-01-12T10:00:00Z
18<5<7<6<3<10<11<9<8<2<12<4,2014-12-12T12:12:41Z,2014-12-15T11:16:00Z
18<5<7<6<10<11<3<9<8<2<11<3<12<4,2014-11-27T13:37:18Z,2014-12-02T12:50:00Z
18<5<7<6<9<11<10<3<8<2<2<3<11<12<4,2014-10-03T04:07:59Z,2014-10-07T13:00:00Z
18<5<7<6<10<11<3<9<8<2<12<4,2013-12-31T19:55:37Z,2014-01-05T09:00:00Z
18<5<7<6<11<3<10<9<8<4,2014-12-13T10:09:37Z,2014-12-13T16:22:57Z
18<5<7<6<10<11<3<9<8<2<3<11<11<3<12<4,2014-11-12T15:34:30Z,2014-11-17T17:00:00Z
